NO,MOVIE_NM,DRCTR_NM,MAKR_NM,INCME_CMPNY_NM,DISTB_CMPNY_NM,OPN_DE,MOVIE_TY_NM,MOVIE_STLE_NM,NLTY_NM,TOT_SCRN_CO,SALES_PRICE,VIEWNG_NMPR_CO,SEOUL_SALES_PRICE,SEOUL_VIEWNG_NMPR_CO,GENRE_NM,GRAD_NM,MOVIE_SDIV_NM
1.0,파묘,장재현,"(주)쇼박스,(주)엠씨엠씨",,(주)쇼박스,20240222.0,개봉영화,장편,한국,2355.0,35074828666.0,3697250.0,8500054021.0,873434.0,미스터리,15세이상관람가,일반영화
2.0,웡카,폴 킹,,워너브러더스 코리아(주),워너브러더스 코리아(주),20240131.0,개봉영화,장편,미국,1753.0,28559235141.0,2943400.0,8372668173.0,827033.0,판타지,전체관람가,일반영화
3.0,시민덕희,박영주,"(주)씨제스엔터테인먼트,페이지원필름(주)",,(주)쇼박스,20240124.0,개봉영화,장편,한국,1272.0,9958956001.0,1038456.0,1854503017.0,190172.0,드라마,15세이상관람가,일반영화
4.0,건국전쟁,김덕영,다큐스토리,,다큐스토리,20240201.0,개봉영화,장편,한국,224.0,9619800158.0,1031018.0,2831349360.0,304291.0,다큐멘터리,12세이상관람가,일반영화
5.0,"귀멸의 칼날: 인연의 기적, 그리고 합동 강화 훈련으로",소토자키 하루오,,애니맥스 브로드캐스팅 코리아 유한회사,씨제이 씨지브이(CJ CGV)(주),20240214.0,개봉영화,장편,일본,393.0,4901269600.0,426871.0,1269705100.0,100125.0,애니메이션,15세이상관람가,일반영화
6.0,도그데이즈,김덕민,(주)씨제이이엔엠,,(주)씨제이이엔엠,20240207.0,개봉영화,장편,한국,847.0,3467851608.0,356139.0,834193314.0,82105.0,드라마,12세이상관람가,일반영화
7.0,소풍,김용균,(주)로케트필름,,롯데컬처웍스(주)롯데엔터테인먼트,20240207.0,개봉영화,장편,한국,729.0,2801447020.0,312731.0,690619570.0,77334.0,드라마,12세이상관람가,독립/예술영화
8.0,듄: 파트2,드니 빌뇌브,,워너브러더스 코리아(주),워너브러더스 코리아(주),20240228.0,개봉영화,장편,미국,1544.0,2799033113.0,268510.0,1036089083.0,92188.0,액션,12세이상관람가,일반영화
9.0,데드맨,하준원,"(주)팔레트픽처스,(주)사람엔터테인먼트",,플러스엠 엔터테인먼트,20240207.0,개봉영화,장편,한국,800.0,2257288704.0,236624.0,514590306.0,52144.0,범죄,15세이상관람가,일반영화
10.0,아가일,매튜 본,,유니버설픽쳐스인터내셔널 코리아(유),유니버설픽쳐스인터내셔널 코리아(유),20240207.0,개봉영화,장편,미국,841.0,1421458457.0,138833.0,555631757.0,51354.0,액션,12세이상관람가,일반영화
11.0,아기상어 극장판: 사이렌 스톤의 비밀,,,더핑크퐁컴퍼니(주),(주)넥스트엔터테인먼트월드(NEW),20240207.0,개봉영화,장편,미국,578.0,878995204.0,99452.0,176471289.0,19371.0,애니메이션,전체관람가,독립/예술영화
12.0,외계+인 2부,최동훈,(주)케이퍼필름,,(주)씨제이이엔엠,20240110.0,개봉영화,장편,한국,1390.0,774436918.0,80347.0,168512276.0,16671.0,기타,12세이상관람가,일반영화
13.0,추락의 해부,쥐스틴 트리에,,그린나래미디어(주),(주)스튜디오디에이치엘,20240131.0,개봉영화,장편,프랑스,236.0,719629983.0,72886.0,428836498.0,42433.0,드라마,15세이상관람가,독립/예술영화
14.0,서울의 봄,김성수,(주)하이브미디어코프,,플러스엠 엔터테인먼트,20231122.0,개봉영화,장편,한국,2328.0,586214802.0,64667.0,160878188.0,17097.0,드라마,12세이상관람가,일반영화
15.0,정글번치: 월드투어,,,(주)퍼스트런,(주)무비다이브,20240131.0,개봉영화,장편,프랑스,193.0,414940600.0,49908.0,57373000.0,7073.0,애니메이션,전체관람가,독립/예술영화
16.0,위시,"크리스 벅,폰 비라선손",,월트디즈니컴퍼니코리아 유한책임회사,월트디즈니컴퍼니코리아 유한책임회사,20240103.0,개봉영화,장편,미국,1421.0,431697343.0,46801.0,88049708.0,9070.0,애니메이션,전체관람가,일반영화
17.0,사운드 오브 프리덤,알레한드로 고메즈 몬테베르드,,(주)콘텐츠판다,(주)넥스트엔터테인먼트월드(NEW),20240221.0,개봉영화,장편,미국,248.0,426112900.0,38674.0,135017000.0,12909.0,범죄,15세이상관람가,일반영화
18.0,괴물,고레에다 히로카즈,,(주)미디어캐슬,(주)넥스트엔터테인먼트월드(NEW),20231129.0,개봉영화,장편,일본,647.0,338414769.0,33440.0,221376982.0,21345.0,드라마,12세이상관람가,독립/예술영화
19.0,인투 더 월드,벤자민 레너,,유니버설픽쳐스인터내셔널 코리아(유),유니버설픽쳐스인터내셔널 코리아(유),20240110.0,개봉영화,장편,미국,839.0,282759961.0,32074.0,47462185.0,5027.0,애니메이션,전체관람가,일반영화
20.0,신차원! 짱구는 못말려 더 무비 초능력 대결전 ~날아라 수제김밥~,오네 히토시,,(주)씨제이이엔엠,(주)씨제이이엔엠,20231222.0,개봉영화,장편,일본,883.0,252660276.0,26362.0,30110097.0,3043.0,애니메이션,전체관람가,일반영화
21.0,DMZ 동물 특공대,홍인표,자루 스튜디오,,(주)박수엔터테인먼트,20240214.0,개봉영화,장편,한국,201.0,158671520.0,21445.0,32221000.0,4478.0,애니메이션,전체관람가,일반영화
22.0,바튼 아카데미,알렉산더 페인,,유니버설픽쳐스인터내셔널 코리아(유),유니버설픽쳐스인터내셔널 코리아(유),20240221.0,개봉영화,장편,미국,254.0,200754118.0,21229.0,114128623.0,11737.0,코미디,15세이상관람가,독립/예술영화
23.0,스노우 퍼핀즈,,,에이케이엔터테인먼트(주),(주)팝엔터테인먼트,20240215.0,개봉영화,장편,스페인,315.0,170350063.0,20478.0,31861095.0,3776.0,애니메이션,전체관람가,일반영화
24.0,청춘 돼지는 책가방 소녀의 꿈을 꾸지 않는다,마스이 소이치,,(주)애니플러스,(주)애니플러스,20240201.0,개봉영화,장편,일본,84.0,173337195.0,18409.0,64015679.0,6239.0,애니메이션,12세이상관람가,일반영화
25.0,우견니,루오 루오,,오드,"오드,홀리가든",20240214.0,개봉영화,장편,중국,143.0,138361432.0,17667.0,43828700.0,5579.0,멜로/로맨스,12세이상관람가,일반영화
26.0,기적의 시작,권순도,퓨어웨이픽쳐스,,퓨어웨이픽쳐스,20240222.0,개봉영화,장편,한국,137.0,136968196.0,15220.0,46225356.0,5478.0,다큐멘터리,12세이상관람가,독립/예술영화
27.0,비욘드 유토피아,매들린 개빈,,(주)드림팩트엔터테인먼트,"(주)홈초이스,(주)드림팩트엔터테인먼트,(주)스마일이엔티",20240131.0,개봉영화,장편,미국,158.0,121570065.0,12619.0,45216267.0,4683.0,다큐멘터리,12세이상관람가,독립/예술영화
28.0,월레스와 그로밋 더 클래식 컬렉션,닉 파크,아드만 애니메이션즈,,CGV ICECON,20240221.0,개봉영화,장편,영국,52.0,180775500.0,12075.0,78055500.0,5207.0,애니메이션,전체관람가,일반영화
29.0,극장판 츠루네: 시작의 한 발,야마무라 타쿠야,,(주)미디어캐슬,(주)라이크콘텐츠,20240221.0,개봉영화,장편,일본,119.0,108776565.0,12039.0,40152042.0,4118.0,애니메이션,전체관람가,독립/예술영화
30.0,노량: 죽음의 바다,김한민,(주)빅스톤픽쳐스,,"롯데컬처웍스(주)롯데엔터테인먼트,(주)에이스메이커무비웍스",20231220.0,개봉영화,장편,한국,2196.0,112946475.0,11890.0,33585119.0,3382.0,사극,12세이상관람가,일반영화
31.0,길위에 김대중,민환기,"(주)명필름,(주)시네마6411",,"(주)아이오케이컴퍼니,(주)명필름,(주)시네마6411",20240110.0,개봉영화,장편,한국,414.0,100845417.0,11356.0,39504830.0,4358.0,다큐멘터리,12세이상관람가,독립/예술영화
32.0,플랜 75,하야카와 치에,,찬란,찬란,20240207.0,개봉영화,장편,일본,50.0,103916566.0,11217.0,64881877.0,6635.0,드라마,15세이상관람가,독립/예술영화
33.0,지오디 마스터피스 더 무비,손석,,,씨제이 씨지브이(CJ CGV)(주),20240110.0,개봉영화,장편,한국,75.0,217761000.0,9675.0,131412500.0,5825.0,공연,전체관람가,일반영화
34.0,에스파: 마이 퍼스트 페이지,"김지선,조현정",(주)에스엠엔터테인먼트,,"롯데컬처웍스(주)롯시플,(주)영화사 그램",20240214.0,개봉영화,장편,한국,68.0,200244000.0,9024.0,106137000.0,4909.0,공연,전체관람가,일반영화
35.0,아네모네,정하용,주식회사 시네마천국,,㈜인디스토리,20240207.0,개봉영화,장편,한국,57.0,63897351.0,7645.0,34255895.0,3987.0,코미디,15세이상관람가,독립/예술영화
36.0,나의 올드 오크,켄 로치,,(주)영화사 진진,(주)영화사 진진,20240117.0,개봉영화,장편,아일랜드,83.0,65962495.0,7218.0,46765095.0,4805.0,드라마,15세이상관람가,독립/예술영화
37.0,영화 스미코구라시 - 푸른 달밤의 마법의 아이,오오모리 타카히로,,(주)미디어캐슬,(주)미디어캐슬,20240207.0,개봉영화,장편,일본,106.0,52157720.0,6383.0,22026360.0,2650.0,애니메이션,전체관람가,독립/예술영화
38.0,크레센도 반 클라이번 콩쿠르 실황,헤더 윌크,,오드,오드,20240131.0,개봉영화,장편,미국,65.0,110017000.0,5696.0,57131500.0,2902.0,공연,전체관람가,일반영화
39.0,엔드 오브 에반게리온,"안노 히데아키,츠루마키 카즈야",,미라지엔터테인먼트,(주)라이크콘텐츠,20240117.0,개봉영화,장편,일본,130.0,57515557.0,5633.0,34095089.0,3205.0,애니메이션,청소년관람불가,일반영화
40.0,더 퍼스트 슬램덩크,이노우에 다케히코,,에스엠지홀딩스 주식회사,(주)넥스트엔터테인먼트월드(NEW),20230104.0,개봉영화,장편,일본,1023.0,60459825.0,5315.0,36093486.0,3237.0,애니메이션,12세이상관람가,일반영화
41.0,대니초 : 코리안 드림,,메타코미디,,"씨제이 씨지브이(CJ CGV)(주),CGV ICECON",20240214.0,개봉영화,장편,한국,24.0,76675500.0,5139.0,43096500.0,2900.0,공연,청소년관람불가,일반영화
42.0,뽀로로 극장판 슈퍼스타 대모험,"윤제완,김성민",(주)오콘,,씨제이 씨지브이(CJ CGV)(주),20231213.0,개봉영화,장편,한국,850.0,33907739.0,4366.0,1688600.0,199.0,애니메이션,전체관람가,일반영화
43.0,막걸리가 알려줄거야,김다민,(주)안나푸르나필름,,"판씨네마(주),(주)홈초이스",20240228.0,개봉영화,장편,한국,73.0,38095873.0,4131.0,27746439.0,2963.0,드라마,전체관람가,독립/예술영화
44.0,"주사위놀이, 마불 세계여행",이광범,(주)니즈텔레콤,,(주)니즈텔레콤,20240103.0,개봉영화,장편,한국,1.0,24454000.0,4070.0,1464000.0,244.0,어드벤처,전체관람가,일반영화
45.0,오키쿠와 세계,사카모토 준지,,(주)엣나인필름,(주)엣나인필름,20240221.0,개봉영화,장편,일본,36.0,39248200.0,3977.0,29620800.0,2802.0,드라마,12세이상관람가,독립/예술영화
46.0,극장판 아이돌리쉬 세븐; 라이브 4비트 비욘드 더 피리어드 - 데이 2,니시키오리 히로시,,메가박스중앙(주),메가박스중앙(주),20231019.0,개봉영화,장편,일본,78.0,39441988.0,3883.0,27591515.0,2786.0,애니메이션,전체관람가,일반영화
47.0,검은 소년,서정원,한국영화아카데미,,(주)트리플픽쳐스,20240207.0,개봉영화,장편,한국,31.0,30170939.0,3513.0,16140539.0,1817.0,드라마,15세이상관람가,독립/예술영화
48.0,아톰 새로운 시작,데이빗 보워스,,주식회사 블루필름웍스,주식회사 블루필름웍스,20240131.0,개봉영화,장편,미국,144.0,30885051.0,3428.0,4902139.0,502.0,애니메이션,전체관람가,일반영화
49.0,도그맨,뤽 베송,,(주)엣나인필름,(주)레드아이스 엔터테인먼트,20240124.0,개봉영화,장편,프랑스,496.0,31344748.0,3402.0,13879918.0,1349.0,드라마,15세이상관람가,독립/예술영화
50.0,극장판 아이돌리쉬 세븐; 라이브 4비트 비욘드 더 피리어드 - 데이 1,니시키오리 히로시,,메가박스중앙(주),메가박스중앙(주),20231019.0,개봉영화,장편,일본,79.0,31326821.0,3156.0,20452858.0,2083.0,애니메이션,전체관람가,일반영화
51.0,크레센도,헤더 윌크,,오드,오드,20231220.0,개봉영화,장편,미국,81.0,21937500.0,2311.0,17517000.0,1804.0,다큐멘터리,전체관람가,독립/예술영화
52.0,라이즈,세드릭 클라피쉬,,(주)퍼스트런,(주)무비다이브,20240117.0,개봉영화,장편,프랑스,68.0,17136742.0,2054.0,11258342.0,1149.0,드라마,15세이상관람가,독립/예술영화
53.0,장인과 사위,최이현,"(주)지브라더스 컴퍼니,한류닷컴 주식회사",,주식회사 제이씨엔터웍스,20240215.0,개봉영화,장편,한국,49.0,17451660.0,1917.0,3875500.0,447.0,코미디,12세이상관람가,독립/예술영화
54.0,노 베어스,자파르 파나히,,M&M 인터내셔널,M&M 인터내셔널,20240110.0,개봉영화,장편,이란,41.0,16141485.0,1825.0,13272185.0,1395.0,드라마,12세이상관람가,독립/예술영화
55.0,말하고 싶은 비밀,,,(주)시그널픽쳐스,"(주)바이포엠스튜디오,홀리가든",20231213.0,개봉영화,장편,일본,401.0,13987173.0,1802.0,1837156.0,188.0,멜로/로맨스,전체관람가,일반영화
56.0,아녜스 V에 의한 제인 B,아녜스 바르다,,(주)영화사 안다미로,(주)영화사 안다미로,20240131.0,개봉영화,장편,프랑스,33.0,15854900.0,1690.0,11676100.0,1199.0,판타지,청소년관람불가,독립/예술영화
57.0,류이치 사카모토: 오퍼스,소라 네오,,(주)미디어캐슬,"(주)엣나인필름,메가박스중앙(주)",20231227.0,개봉영화,장편,일본,251.0,16036696.0,1640.0,14151196.0,1374.0,공연,전체관람가,독립/예술영화
58.0,사랑은 낙엽을 타고,아키 카우리스마키,,찬란,찬란,20231220.0,개봉영화,장편,핀란드,40.0,13117417.0,1463.0,10041117.0,1021.0,멜로/로맨스,12세이상관람가,독립/예술영화
59.0,두 세계 사이에서,엠마뉘엘 카레르,,(주)디오시네마,(주)디오시네마,20240131.0,개봉영화,장편,프랑스,35.0,12680327.0,1448.0,6556167.0,707.0,드라마,12세이상관람가,독립/예술영화
60.0,그대들은 어떻게 살 것인가,미야자키 하야오,,대원미디어(주),메가박스중앙(주),20231025.0,개봉영화,장편,일본,1733.0,14617102.0,1357.0,9682085.0,883.0,애니메이션,전체관람가,독립/예술영화
61.0,여기는 아미코,,,,주식회사 슈아픽처스,20240228.0,개봉영화,장편,일본,40.0,10082000.0,1188.0,7759600.0,897.0,가족,전체관람가,독립/예술영화
62.0,세기말의 사랑,임선애,"(주)기린제작사,주식회사 위드에이스튜디오",,"(주)엔케이컨텐츠,(주)디스테이션",20240124.0,개봉영화,장편,한국,123.0,8579568.0,1111.0,3299384.0,368.0,드라마,12세이상관람가,독립/예술영화
63.0,리빙: 어떤 인생,올리버 허머너스,,(주)티캐스트,(주)티캐스트,20231213.0,개봉영화,장편,영국,50.0,8993017.0,1092.0,6386017.0,709.0,드라마,12세이상관람가,독립/예술영화
64.0,조폭인 내가 고등학생이 되었습니다,이성택,주식회사 넘버쓰리픽쳐스,,주식회사 넘버쓰리픽쳐스,20240222.0,개봉영화,장편,한국,16.0,15582000.0,1039.0,13498500.0,900.0,판타지,15세이상관람가,일반영화
65.0,넥스트 골 윈즈,타이카 와이티티,,,월트디즈니컴퍼니코리아 유한책임회사,20240124.0,개봉영화,장편,미국,156.0,8568229.0,951.0,7114560.0,785.0,코미디,전체관람가,일반영화
66.0,"타르콥스키, 기도하는 영혼",,,,(주)와우,20240131.0,개봉영화,장편,이탈리아,9.0,7729334.0,877.0,5045834.0,484.0,다큐멘터리,12세이상관람가,독립/예술영화
67.0,덤 머니,크레이그 질레스피,,그린나래미디어(주),"그린나래미디어(주),(주)플레이그램",20240117.0,개봉영화,장편,미국,465.0,8846500.0,872.0,2171500.0,225.0,코미디,15세이상관람가,독립/예술영화
68.0,"바다 탐험대 옥토넛 어보브 앤 비욘드: 버드, 옥토경보를 울려라!",,,"(주)얼리버드픽쳐스,와이드 릴리즈(주)",와이드 릴리즈(주),20231227.0,개봉영화,장편,영국,215.0,5891500.0,737.0,0.0,0.0,애니메이션,전체관람가,독립/예술영화
69.0,걸즈 앤 판처 최종장 제4화,미즈시마 츠토무,,(주)엔케이컨텐츠,(주)디스테이션,20240117.0,개봉영화,장편,일본,40.0,7794500.0,712.0,7500000.0,685.0,애니메이션,12세이상관람가,일반영화
70.0,어른 김장하,김현지,MBC경남,,(주)시네마달,20231115.0,개봉영화,장편,한국,98.0,6024000.0,688.0,4202000.0,490.0,다큐멘터리,전체관람가,독립/예술영화
71.0,너와 나,조현철,주식회사 필름영,,"주식회사 필름영,그린나래미디어(주)",20231025.0,개봉영화,장편,한국,76.0,5407000.0,683.0,3165000.0,326.0,드라마,12세이상관람가,독립/예술영화
72.0,엘리멘탈,피터 손,,월트디즈니컴퍼니코리아 유한책임회사,월트디즈니컴퍼니코리아 유한책임회사,20230614.0,개봉영화,장편,미국,1251.0,6259500.0,643.0,2941600.0,308.0,애니메이션,전체관람가,일반영화
73.0,벗어날 탈 脫,서보형,사보타지 필름,,영화배급협동조합 씨네소파,20240221.0,개봉영화,장편,한국,14.0,5457500.0,620.0,4600000.0,511.0,미스터리,15세이상관람가,독립/예술영화
74.0,K스쿨,박미경,강 컨텐츠,,강 컨텐츠,20240221.0,개봉영화,장편,한국,19.0,5673900.0,599.0,4574000.0,484.0,드라마,전체관람가,독립/예술영화
75.0,티처스 라운지,일커 카탁,,(주)스튜디오디에이치엘,(주)스튜디오디에이치엘,20231227.0,개봉영화,장편,독일,29.0,4776839.0,537.0,2947139.0,312.0,드라마,12세이상관람가,독립/예술영화
76.0,갓랜드,흘리뉘르 팔메이슨,,,M&M 인터내셔널,20240228.0,개봉영화,장편,덴마크,24.0,4213300.0,529.0,3401000.0,393.0,드라마,15세이상관람가,독립/예술영화
77.0,영화 스미코구라시 - 튀어나오는 그림책과 비밀의 아이,만큐,,(주)미디어캐슬,(주)미디어캐슬,20240124.0,개봉영화,장편,일본,101.0,4822560.0,521.0,2770000.0,300.0,애니메이션,전체관람가,독립/예술영화
78.0,소녀는 졸업하지 않는다,나카가와 슌,,해피송,해피송,20240124.0,개봉영화,장편,일본,42.0,4358117.0,517.0,2523617.0,263.0,멜로/로맨스,12세이상관람가,독립/예술영화
79.0,애프터: 유혹의 끝,캐스틸 랜던,,,스튜디오 에이드,20240221.0,개봉영화,장편,미국,46.0,3803800.0,478.0,725500.0,104.0,멜로/로맨스,15세이상관람가,일반영화
80.0,트롤: 밴드 투게더,월트 도른,,유니버설픽쳐스인터내셔널 코리아(유),유니버설픽쳐스인터내셔널 코리아(유),20231220.0,개봉영화,장편,미국,845.0,2924700.0,382.0,232100.0,24.0,애니메이션,전체관람가,일반영화
81.0,스즈메의 문단속: 다녀왔어,신카이 마코토,,(주)미디어캐슬,(주)쇼박스,20240110.0,개봉영화,장편,일본,185.0,3808039.0,362.0,800000.0,68.0,애니메이션,12세이상관람가,독립/예술영화
82.0,블루 자이언트,타치카와 유즈루,,판씨네마(주),판씨네마(주),20231018.0,개봉영화,장편,일본,574.0,3486000.0,311.0,3486000.0,311.0,애니메이션,12세이상관람가,독립/예술영화
83.0,마에스트로 번스타인,브래들리 쿠퍼,,,씨제이 씨지브이(CJ CGV)(주),20231206.0,개봉영화,장편,미국,61.0,2744800.0,284.0,1975900.0,204.0,드라마,15세이상관람가,일반영화
84.0,울산의 별,정기혁,후앤유아츠(주),,영화로운 형제,20240124.0,개봉영화,장편,한국,21.0,2066000.0,280.0,743000.0,98.0,드라마,15세이상관람가,독립/예술영화
85.0,립세의 사계,"DK 웰치먼,휴 웰치맨",,(주)퍼스트런,(주)디스테이션,20240110.0,개봉영화,장편,폴란드,186.0,1820500.0,227.0,559000.0,62.0,애니메이션,15세이상관람가,독립/예술영화
86.0,클럽 제로,예시카 하우스너,,판씨네마(주),판씨네마(주),20240124.0,개봉영화,장편,오스트리아,60.0,1731700.0,209.0,1305700.0,134.0,미스터리,12세이상관람가,독립/예술영화
87.0,일 부코,미켈란젤로 프라마르티노,,그린나래미디어(주),그린나래미디어(주),20240124.0,개봉영화,장편,이탈리아,10.0,1405200.0,166.0,933200.0,99.0,드라마,전체관람가,독립/예술영화
88.0,서바이벌 택틱스,박근영,요지경필름,,필름다빈,20240221.0,개봉영화,장편,한국,12.0,1341500.0,163.0,869500.0,101.0,드라마,12세이상관람가,독립/예술영화
89.0,백남준: 달은 가장 오래된 TV,어맨다 킴,시소픽쳐스,(주)엣나인필름,(주)엣나인필름,20231206.0,개봉영화,장편,한국,33.0,1197300.0,159.0,782000.0,93.0,다큐멘터리,12세이상관람가,독립/예술영화
90.0,스즈메의 문단속,신카이 마코토,,(주)미디어캐슬,(주)쇼박스,20230308.0,개봉영화,장편,일본,1486.0,1173995.0,152.0,0.0,0.0,애니메이션,12세이상관람가,독립/예술영화
91.0,킹 VS. 머신킹,,,,(주)제이앤씨미디어그룹,20240215.0,개봉영화,장편,미국,10.0,770000.0,152.0,0.0,0.0,액션,12세이상관람가,일반영화
92.0,극장판 오드 택시 인 더 우즈,키노시타 바쿠,,(주)미디어캐슬,(주)미디어캐슬,20240216.0,개봉영화,장편,일본,6.0,965039.0,143.0,268000.0,34.0,애니메이션,15세이상관람가,독립/예술영화
93.0,레트리뷰션,님로드 안탈,,(주)퍼스트런,메가박스중앙(주),20240124.0,개봉영화,장편,미국,202.0,1237217.0,139.0,334739.0,34.0,액션,15세이상관람가,일반영화
94.0,마이 스몰 랜드,카와와다 에마,,(주)미디어캐슬,(주)미디어캐슬,20240201.0,개봉영화,장편,일본,6.0,881578.0,135.0,152000.0,19.0,드라마,12세이상관람가,독립/예술영화
95.0,힐마 아프 클린트 - 미래를 위한 그림,할리나 디르슈카,,(주)마노엔터테인먼트,(주)마노엔터테인먼트,20231220.0,개봉영화,장편,독일,24.0,1144000.0,133.0,482000.0,49.0,다큐멘터리,전체관람가,독립/예술영화
96.0,이빨요정 비올레타: 요정나라로 돌아갈래!,,,찬란,TCO(주)더콘텐츠온,20231118.0,개봉영화,장편,독일,298.0,496000.0,124.0,0.0,0.0,애니메이션,전체관람가,독립/예술영화
97.0,썬 오브 람세스,클레망 코지토르,,그린나래미디어(주),그린나래미디어(주),20240207.0,개봉영화,장편,프랑스,6.0,1051600.0,123.0,825600.0,90.0,스릴러,15세이상관람가,독립/예술영화
98.0,이어지는 땅,조희영,,,필름다빈,20240110.0,개봉영화,장편,한국,30.0,860500.0,119.0,593000.0,73.0,드라마,12세이상관람가,독립/예술영화
99.0,홈그라운드,권아람,,,영화배급협동조합 씨네소파,20231206.0,개봉영화,장편,한국,35.0,1018000.0,116.0,936000.0,104.0,다큐멘터리,12세이상관람가,독립/예술영화
100.0,나폴레옹,리들리 스콧,,,소니픽쳐스엔터테인먼트코리아주식회사극장배급지점,20231206.0,개봉영화,장편,미국,822.0,944800.0,115.0,677300.0,77.0,전쟁,15세이상관람가,일반영화
101.0,수라,황윤,"스튜디오두마,미디어나무(주)",,"스튜디오두마,미디어나무(주),스튜디오 에이드",20230621.0,개봉영화,장편,한국,136.0,916000.0,110.0,0.0,0.0,다큐멘터리,전체관람가,독립/예술영화
102.0,"여름을 향한 터널, 이별의 출구",타구치 토모히사,,(주)미디어캐슬,(주)미디어캐슬,20230914.0,개봉영화,장편,일본,269.0,772495.0,99.0,260000.0,27.0,애니메이션,12세이상관람가,독립/예술영화
103.0,에브리씽 에브리웨어 올 앳 원스,"다니엘 콴,다니엘 쉐이너트",,(주)더쿱디스트리뷰션,워터홀컴퍼니(주),20221012.0,개봉영화,장편,미국,620.0,1168000.0,98.0,1168000.0,98.0,액션,15세이상관람가,독립/예술영화
104.0,로보카폴리 안전교실 교통편,엄준영,(주)로이비쥬얼,,(주)로이비쥬얼,20220919.0,개봉영화,장편,한국,16.0,451000.0,83.0,0.0,0.0,애니메이션,전체관람가,일반영화
105.0,유어 럭키 데이,,,주식회사 풍경소리,주식회사 풍경소리,20240222.0,개봉영화,장편,미국,5.0,492000.0,82.0,0.0,0.0,액션,15세이상관람가,독립/예술영화
106.0,클레오의 세계,마리 아마추켈리,,그린나래미디어(주),"그린나래미디어(주),(주)하이스트레인저",20240103.0,개봉영화,장편,프랑스,47.0,476500.0,80.0,192000.0,21.0,드라마,전체관람가,독립/예술영화
107.0,아쿠아맨과 로스트 킹덤,제임스 완,,워너브러더스 코리아(주),워너브러더스 코리아(주),20231220.0,개봉영화,장편,미국,965.0,786000.0,78.0,217000.0,20.0,액션,12세이상관람가,일반영화
108.0,블랙 로터스,,,주식회사 블루필름웍스,주식회사 블루필름웍스,20240207.0,개봉영화,장편,미국,5.0,456000.0,76.0,0.0,0.0,액션,15세이상관람가,일반영화
109.0,쏘우 X,케빈 그루터트,,(주)올스타엔터테인먼트,"(주)올스타엔터테인먼트,(주)플레이그램",20231213.0,개봉영화,장편,미국,571.0,695000.0,67.0,571000.0,55.0,공포(호러),청소년관람불가,일반영화
110.0,봉신연의: 조가풍운,우얼샨,,주식회사 풍경소리,(주)스튜디오디에이치엘,20240124.0,개봉영화,장편,중국,23.0,396000.0,66.0,0.0,0.0,전쟁,12세이상관람가,독립/예술영화
111.0,킹덤 3: 운명의 불꽃,사토 신스케,,(주)도키엔터테인먼트,"(주)이놀미디어,(주)플레이그램",20240117.0,개봉영화,장편,일본,136.0,533800.0,49.0,0.0,0.0,액션,15세이상관람가,일반영화
112.0,도티와 영원의 탑,"배완,양희성,박인한",(주)샌드박스네트워크,,(주)넥스트엔터테인먼트월드(NEW),20231227.0,개봉영화,장편,한국,370.0,425100.0,48.0,68000.0,8.0,애니메이션,전체관람가,일반영화
113.0,약속,민병훈,(주)민병훈필름,,엠라인디스트리뷰션(주),20231101.0,개봉영화,장편,한국,42.0,390000.0,47.0,390000.0,47.0,다큐멘터리,전체관람가,독립/예술영화
114.0,어파이어,크리스티안 펫졸드,,M&M 인터내셔널,M&M 인터내셔널,20230913.0,개봉영화,장편,독일,68.0,428000.0,47.0,428000.0,47.0,드라마,12세이상관람가,독립/예술영화
115.0,존예 며느리의 신음소리,,,,(주)씨맥스커뮤니케이션즈,20240202.0,개봉영화,장편,한국,5.0,236000.0,41.0,0.0,0.0,성인물(에로),청소년관람불가,일반영화
116.0,키리에의 노래: 디렉터스 컷,이와이 슌지,,(주)미디어캐슬,이화배컴퍼니(주),20231124.0,개봉영화,장편,일본,9.0,264139.0,41.0,0.0,0.0,드라마,15세이상관람가,독립/예술영화
117.0,느티나무 아래,오정훈,영화제작소 숲길,,"미디어나무(주),스튜디오 에이드",20231115.0,개봉영화,장편,한국,13.0,252000.0,36.0,0.0,0.0,다큐멘터리,전체관람가,독립/예술영화
118.0,서치: 데스게임,안나 자이체바,,,주식회사 원더스튜디오,20240118.0,개봉영화,장편,러시아,5.0,204000.0,34.0,0.0,0.0,스릴러,청소년관람불가,일반영화
119.0,너는 내 아들,,,주식회사 블루필름웍스,"주식회사 블루필름웍스,(주)버킷스튜디오",20230628.0,개봉영화,장편,미국,117.0,243000.0,25.0,243000.0,25.0,드라마,12세이상관람가,일반영화
120.0,극장판 우당탕탕 은하안전단: 진정한 용기!,정지훈,(주)마로스튜디오,,(주)넥스트엔터테인먼트월드(NEW),20231130.0,개봉영화,장편,한국,261.0,140000.0,20.0,0.0,0.0,애니메이션,전체관람가,일반영화
,,,,,,,,,,,,,,,,,
,,,,,,,,,,,,,,,,,
,,,,,,,,,,,,,,,,,
,,,,,,,,,,,,,,,,,
,,,,,,,,,,,,,,,,,
,,,,,,,,,,,,,,,,,
,,,,,,,,,,,,,,,,,
,,,,,,,,,,,,,,,,,
,,,,,,,,,,,,,,,,,
,,,,,,,,,,,,,,,,,
,,,,,,,,,,,,,,,,,
,,,,,,,,,,,,,,,,,
,,,,,,,,,,,,,,,,,
,,,,,,,,,,,,,,,,,
,,,,,,,,,,,,,,,,,
,,,,,,,,,,,,,,,,,
,,,,,,,,,,,,,,,,,
,,,,,,,,,,,,,,,,,
,,,,,,,,,,,,,,,,,
,,,,,,,,,,,,,,,,,
,,,,,,,,,,,,,,,,,
,,,,,,,,,,,,,,,,,
,,,,,,,,,,,,,,,,,
,,,,,,,,,,,,,,,,,
,,,,,,,,,,,,,,,,,
,,,,,,,,,,,,,,,,,
,,,,,,,,,,,,,,,,,
,,,,,,,,,,,,,,,,,
,,,,,,,,,,,,,,,,,
,,,,,,,,,,,,,,,,,
,,,,,,,,,,,,,,,,,
,,,,,,,,,,,,,,,,,
,,,,,,,,,,,,,,,,,
,,,,,,,,,,,,,,,,,
,,,,,,,,,,,,,,,,,
,,,,,,,,,,,,,,,,,
,,,,,,,,,,,,,,,,,
,,,,,,,,,,,,,,,,,
,,,,,,,,,,,,,,,,,
,,,,,,,,,,,,,,,,,
,,,,,,,,,,,,,,,,,
,,,,,,,,,,,,,,,,,
,,,,,,,,,,,,,,,,,
,,,,,,,,,,,,,,,,,
,,,,,,,,,,,,,,,,,
,,,,,,,,,,,,,,,,,
,,,,,,,,,,,,,,,,,
,,,,,,,,,,,,,,,,,
,,,,,,,,,,,,,,,,,
,,,,,,,,,,,,,,,,,
,,,,,,,,,,,,,,,,,
,,,,,,,,,,,,,,,,,
,,,,,,,,,,,,,,,,,
,,,,,,,,,,,,,,,,,
,,,,,,,,,,,,,,,,,
,,,,,,,,,,,,,,,,,
,,,,,,,,,,,,,,,,,
,,,,,,,,,,,,,,,,,
,,,,,,,,,,,,,,,,,
,,,,,,,,,,,,,,,,,
,,,,,,,,,,,,,,,,,
,,,,,,,,,,,,,,,,,
,,,,,,,,,,,,,,,,,
,,,,,,,,,,,,,,,,,
,,,,,,,,,,,,,,,,,
,,,,,,,,,,,,,,,,,
,,,,,,,,,,,,,,,,,
,,,,,,,,,,,,,,,,,
,,,,,,,,,,,,,,,,,
,,,,,,,,,,,,,,,,,
,,,,,,,,,,,,,,,,,
,,,,,,,,,,,,,,,,,
,,,,,,,,,,,,,,,,,
,,,,,,,,,,,,,,,,,
,,,,,,,,,,,,,,,,,
,,,,,,,,,,,,,,,,,
,,,,,,,,,,,,,,,,,
,,,,,,,,,,,,,,,,,
,,,,,,,,,,,,,,,,,
,,,,,,,,,,,,,,,,,
1.0,파묘,장재현,"(주)쇼박스,(주)엠씨엠씨",,(주)쇼박스,20240222.0,개봉영화,장편,한국,2355.0,70718847542.0,7260067.0,16315095444.0,1634201.0,미스터리,15세이상관람가,일반영화
2.0,듄: 파트2,드니 빌뇌브,,워너브러더스 코리아(주),워너브러더스 코리아(주),20240228.0,개봉영화,장편,미국,1544.0,19141960349.0,1617500.0,7694492061.0,594961.0,액션,12세이상관람가,일반영화
3.0,댓글부대,안국진,"(주)영화적순간,주식회사 디믹스스튜디오",,(주)에이스메이커무비웍스,20240327.0,개봉영화,장편,한국,1228.0,5042399113.0,541058.0,1309676360.0,134016.0,범죄,15세이상관람가,일반영화
4.0,웡카,폴 킹,,워너브러더스 코리아(주),워너브러더스 코리아(주),20240131.0,개봉영화,장편,미국,1753.0,3838068524.0,401512.0,917615074.0,93348.0,판타지,전체관람가,일반영화
5.0,고질라 X 콩: 뉴 엠파이어,아담 윈가드,,워너브러더스 코리아(주),워너브러더스 코리아(주),20240327.0,개봉영화,장편,미국,996.0,3220812514.0,320982.0,750620276.0,69172.0,액션,12세이상관람가,일반영화
6.0,극장판 스파이 패밀리 코드 : 화이트,카타기리 타카시,,에스엠지홀딩스 주식회사,"(주)넥스트엔터테인먼트월드(NEW),(주)대교 미디어콘텐츠사업본부",20240320.0,개봉영화,장편,일본,917.0,2343723486.0,235008.0,734831757.0,70759.0,애니메이션,12세이상관람가,일반영화
7.0,브레드이발소: 셀럽 인 베이커리타운,정지환,㈜브레드이발소,,롯데컬처웍스(주)롯데엔터테인먼트,20240301.0,개봉영화,장편,한국,342.0,1474276210.0,173713.0,257237220.0,29166.0,애니메이션,전체관람가,일반영화
8.0,가여운 것들,요르고스 란티모스,,월트디즈니컴퍼니코리아 유한책임회사,월트디즈니컴퍼니코리아 유한책임회사,20240306.0,개봉영화,장편,미국,471.0,1421882806.0,142488.0,726871167.0,71551.0,드라마,청소년관람불가,독립/예술영화
9.0,건국전쟁,김덕영,다큐스토리,,다큐스토리,20240201.0,개봉영화,장편,한국,224.0,1250960217.0,138922.0,407485433.0,44118.0,다큐멘터리,12세이상관람가,일반영화
10.0,패스트 라이브즈,셀린 송,,,(주)씨제이이엔엠,20240306.0,개봉영화,장편,미국,613.0,1068021931.0,115193.0,529689540.0,55647.0,드라마,12세이상관람가,일반영화
11.0,"귀멸의 칼날: 인연의 기적, 그리고 합동 강화 훈련으로",소토자키 하루오,,애니맥스 브로드캐스팅 코리아 유한회사,씨제이 씨지브이(CJ CGV)(주),20240214.0,개봉영화,장편,일본,393.0,720819400.0,70124.0,193261000.0,18522.0,애니메이션,15세이상관람가,일반영화
12.0,아이엠 티라노,,,주식회사 원더스튜디오,"주식회사 원더스튜디오,영화사빅",20240301.0,개봉영화,장편,중국,229.0,396009500.0,47077.0,56482600.0,6753.0,애니메이션,전체관람가,일반영화
13.0,랜드 오브 배드,윌리엄 유뱅크,,(주)퍼스트런,메가박스중앙(주),20240313.0,개봉영화,장편,미국,394.0,378632312.0,44252.0,120825268.0,14199.0,액션,15세이상관람가,일반영화
14.0,밥 말리: 원 러브,레이날도 마커스 그린,,롯데컬처웍스(주)롯데엔터테인먼트,롯데컬처웍스(주)롯데엔터테인먼트,20240313.0,개봉영화,장편,미국,579.0,350834494.0,38585.0,144696272.0,15511.0,드라마,15세이상관람가,일반영화
15.0,1980,강승용,"히스토리 디앤피,(주)디에이치미디어,굿픽처스",,"(주)제이앤씨미디어그룹,와이드 릴리즈(주)",20240327.0,개봉영화,장편,한국,522.0,291901745.0,32237.0,87803183.0,9502.0,드라마,12세이상관람가,일반영화
16.0,메이 디셈버,토드 헤인즈,,판씨네마(주),판씨네마(주),20240313.0,개봉영화,장편,미국,400.0,278129018.0,30186.0,146605959.0,15320.0,드라마,청소년관람불가,독립/예술영화
17.0,소풍,김용균,(주)로케트필름,,롯데컬처웍스(주)롯데엔터테인먼트,20240207.0,개봉영화,장편,한국,729.0,235961384.0,27369.0,66471307.0,7592.0,드라마,12세이상관람가,독립/예술영화
18.0,로봇 드림,파블로 베르헤르,,(주)영화사 진진,"(주)영화사 진진,(주)하이스트레인저",20240313.0,개봉영화,장편,스페인,114.0,228413431.0,23298.0,142647988.0,14066.0,애니메이션,전체관람가,독립/예술영화
19.0,용감한 돌고래 벨루와 바닷속 친구들,,,찬란,"찬란,(주)빅브라더스",20240313.0,개봉영화,장편,캐나다,180.0,170511080.0,23121.0,34981860.0,4947.0,애니메이션,전체관람가,독립/예술영화
20.0,악은 존재하지 않는다,하마구치 류스케,,그린나래미디어(주),"그린나래미디어(주),(주)레드아이스 엔터테인먼트",20240327.0,개봉영화,장편,일본,149.0,194554256.0,19104.0,122511667.0,11874.0,드라마,12세이상관람가,독립/예술영화
21.0,탐정 말로,닐 조단,,(주)바이포엠스튜디오,(주)바이포엠스튜디오,20240321.0,개봉영화,장편,아일랜드,183.0,137411500.0,18785.0,48430900.0,6797.0,범죄,15세이상관람가,독립/예술영화
22.0,추락의 해부,쥐스틴 트리에,,그린나래미디어(주),(주)스튜디오디에이치엘,20240131.0,개봉영화,장편,프랑스,236.0,174494229.0,17382.0,127382896.0,12146.0,드라마,15세이상관람가,독립/예술영화
23.0,이승윤 콘서트 도킹 : 리프트오프,,마름모,,"롯데컬처웍스(주)롯시플,(주)영화사 그램",20240322.0,개봉영화,장편,한국,66.0,362737000.0,15918.0,195423000.0,8626.0,공연,전체관람가,일반영화
24.0,나이트 스윔,브라이스 맥과이어,,유니버설픽쳐스인터내셔널 코리아(유),유니버설픽쳐스인터내셔널 코리아(유),20240320.0,개봉영화,장편,미국,195.0,149987100.0,15747.0,42145600.0,4725.0,공포(호러),12세이상관람가,일반영화
25.0,목스박,고훈,스튜디오설,,(주)라온컴퍼니플러스,20240320.0,개봉영화,장편,한국,122.0,139047005.0,15740.0,44459124.0,4819.0,액션,15세이상관람가,일반영화
26.0,마담 웹,S.J. 클락슨,,소니픽쳐스엔터테인먼트코리아주식회사극장배급지점,소니픽쳐스엔터테인먼트코리아주식회사극장배급지점,20240313.0,개봉영화,장편,미국,648.0,142223617.0,15434.0,39605386.0,4034.0,액션,12세이상관람가,일반영화
27.0,사운드 오브 프리덤,알레한드로 고메즈 몬테베르드,,(주)콘텐츠판다,(주)넥스트엔터테인먼트월드(NEW),20240221.0,개봉영화,장편,미국,248.0,152539800.0,14638.0,42073400.0,4348.0,범죄,15세이상관람가,일반영화
28.0,인어공주: 마법물약의 비밀,,,(주)박수엔터테인먼트,(주)박수엔터테인먼트,20240314.0,개봉영화,장편,미국,188.0,104058262.0,12056.0,11954917.0,1342.0,애니메이션,전체관람가,독립/예술영화
29.0,바튼 아카데미,알렉산더 페인,,유니버설픽쳐스인터내셔널 코리아(유),유니버설픽쳐스인터내셔널 코리아(유),20240221.0,개봉영화,장편,미국,254.0,90582381.0,9641.0,61885264.0,6266.0,코미디,15세이상관람가,독립/예술영화
30.0,생츄어리 2 : 쿼카가 너무해,리카르드 쿠소,,(주)히스토리필름,(주)팝엔터테인먼트,20240307.0,개봉영화,장편,호주,249.0,77193841.0,8743.0,11958490.0,1220.0,애니메이션,전체관람가,독립/예술영화
31.0,왓츠 러브,세자르 카푸르,워킹 타이틀 필름,찬란,(주)디스테이션,20240320.0,개봉영화,장편,영국,188.0,76316397.0,8412.0,33061656.0,3573.0,멜로/로맨스,15세이상관람가,독립/예술영화
32.0,대결! 애니메이션,요시노 코헤이,,(주)블루라벨픽쳐스,"(주)블레이드이엔티,(주)블루라벨픽쳐스",20240306.0,개봉영화,장편,일본,103.0,56315077.0,7969.0,26848837.0,3656.0,드라마,12세이상관람가,독립/예술영화
33.0,괴물,고레에다 히로카즈,,(주)미디어캐슬,(주)넥스트엔터테인먼트월드(NEW),20231129.0,개봉영화,장편,일본,647.0,73036812.0,7901.0,39744456.0,4057.0,드라마,12세이상관람가,독립/예술영화
34.0,원 앤 온리,동성붕,,(주)스튜디오디에이치엘,(주)스튜디오디에이치엘,20240313.0,개봉영화,장편,중국,112.0,74434310.0,7568.0,42995880.0,4109.0,드라마,12세이상관람가,일반영화
35.0,기적의 시작,권순도,퓨어웨이픽쳐스,,퓨어웨이픽쳐스,20240222.0,개봉영화,장편,한국,137.0,68274056.0,7419.0,37641117.0,4060.0,다큐멘터리,12세이상관람가,독립/예술영화
36.0,화녀,유영선,"(주)베러투모로우,나로픽처스(주)",,"와이드 릴리즈(주),(주)제이앤씨미디어그룹",20240314.0,개봉영화,장편,한국,77.0,59838539.0,7075.0,14533200.0,1711.0,스릴러,청소년관람불가,일반영화
37.0,막걸리가 알려줄거야,김다민,(주)안나푸르나필름,,"판씨네마(주),(주)홈초이스",20240228.0,개봉영화,장편,한국,73.0,63008937.0,6477.0,32605590.0,3147.0,드라마,전체관람가,독립/예술영화
38.0,월레스와 그로밋 더 클래식 컬렉션,닉 파크,아드만 애니메이션즈,,CGV ICECON,20240221.0,개봉영화,장편,영국,52.0,91757000.0,6261.0,59635000.0,4042.0,애니메이션,전체관람가,일반영화
39.0,돌핀,배두리,한국영화아카데미,,(주)마노엔터테인먼트,20240313.0,개봉영화,장편,한국,67.0,47303439.0,5354.0,28957139.0,3117.0,드라마,12세이상관람가,독립/예술영화
40.0,극장판 츠루네: 시작의 한 발,야마무라 타쿠야,,(주)미디어캐슬,(주)라이크콘텐츠,20240221.0,개봉영화,장편,일본,119.0,41419536.0,4486.0,19917092.0,1994.0,애니메이션,전체관람가,독립/예술영화
41.0,시민덕희,박영주,"(주)씨제스엔터테인먼트,페이지원필름(주)",,(주)쇼박스,20240124.0,개봉영화,장편,한국,1272.0,29284800.0,4284.0,2215100.0,267.0,드라마,15세이상관람가,일반영화
42.0,에픽하이 20 더 무비,조윤수,(주)영화사 그램,,"CGV ICECON,(주)플레이그램",20240320.0,개봉영화,장편,한국,54.0,95278500.0,4274.0,64286500.0,2883.0,공연,12세이상관람가,일반영화
43.0,드림쏭3,안소니 벨,,주식회사 원더스튜디오,"주식회사 원더스튜디오,영화사빅",20240328.0,개봉영화,장편,미국,238.0,37118011.0,4272.0,2504400.0,284.0,애니메이션,전체관람가,일반영화
44.0,아기상어 극장판: 사이렌 스톤의 비밀,,,더핑크퐁컴퍼니(주),(주)넥스트엔터테인먼트월드(NEW),20240207.0,개봉영화,장편,미국,578.0,35230710.0,3847.0,6234000.0,734.0,애니메이션,전체관람가,독립/예술영화
45.0,당신이 잠든 사이,장윤현,(주)로그라인스튜디오,,트윈플러스파트너스(주),20240320.0,개봉영화,장편,한국,118.0,34607875.0,3813.0,14403750.0,1548.0,미스터리,12세이상관람가,일반영화
46.0,래빗스쿨 2: 부활절 대소동,우테 폰 뮌쇼폴,,(주)다시봄이엔티,"(주)버킷스튜디오,주식회사 블루필름웍스",20240327.0,개봉영화,장편,독일,126.0,24842190.0,3053.0,6710290.0,846.0,애니메이션,전체관람가,독립/예술영화
47.0,오키쿠와 세계,사카모토 준지,,(주)엣나인필름,(주)엣나인필름,20240221.0,개봉영화,장편,일본,36.0,26155595.0,2995.0,17271095.0,1724.0,드라마,12세이상관람가,독립/예술영화
48.0,뒤주,김지운,(주)그노스,,(주)파이브데이,20240328.0,개봉영화,장편,한국,52.0,16113011.0,2596.0,7342016.0,1150.0,공포(호러),15세이상관람가,일반영화
49.0,갓랜드,흘리뉘르 팔메이슨,,,M&M 인터내셔널,20240228.0,개봉영화,장편,덴마크,24.0,19377230.0,2355.0,11892500.0,1247.0,드라마,15세이상관람가,독립/예술영화
50.0,극장판 아이돌리쉬 세븐; 라이브 4비트 비욘드 더 피리어드 - 데이 2,니시키오리 히로시,,메가박스중앙(주),메가박스중앙(주),20231019.0,개봉영화,장편,일본,78.0,26039936.0,2355.0,26039936.0,2355.0,애니메이션,전체관람가,일반영화
51.0,신차원! 짱구는 못말려 더 무비 초능력 대결전 ~날아라 수제김밥~,오네 히토시,,(주)씨제이이엔엠,(주)씨제이이엔엠,20231222.0,개봉영화,장편,일본,883.0,21276442.0,2301.0,3780230.0,399.0,애니메이션,전체관람가,일반영화
52.0,서울의 봄,김성수,(주)하이브미디어코프,,플러스엠 엔터테인먼트,20231122.0,개봉영화,장편,한국,2328.0,16494097.0,1965.0,7355700.0,773.0,드라마,12세이상관람가,일반영화
53.0,더 퍼스트 슬램덩크,이노우에 다케히코,,에스엠지홀딩스 주식회사,(주)넥스트엔터테인먼트월드(NEW),20230104.0,개봉영화,장편,일본,1023.0,15548968.0,1715.0,9748990.0,1036.0,애니메이션,12세이상관람가,일반영화
54.0,여기는 아미코,,,,주식회사 슈아픽처스,20240228.0,개봉영화,장편,일본,40.0,15292330.0,1637.0,8602900.0,840.0,가족,전체관람가,독립/예술영화
55.0,조용한 이주,말레나 최,,,필름다빈,20240320.0,개봉영화,장편,덴마크,27.0,14012300.0,1543.0,11243500.0,1176.0,드라마,12세이상관람가,독립/예술영화
56.0,길위에 김대중,민환기,"(주)명필름,(주)시네마6411",,"(주)아이오케이컴퍼니,(주)명필름,(주)시네마6411",20240110.0,개봉영화,장편,한국,414.0,13985100.0,1504.0,4830100.0,472.0,다큐멘터리,12세이상관람가,독립/예술영화
57.0,비욘드 유토피아,매들린 개빈,,(주)드림팩트엔터테인먼트,"(주)홈초이스,(주)드림팩트엔터테인먼트,(주)스마일이엔티",20240131.0,개봉영화,장편,미국,158.0,13161700.0,1449.0,9708700.0,1030.0,다큐멘터리,12세이상관람가,독립/예술영화
58.0,플랜 75,하야카와 치에,,찬란,찬란,20240207.0,개봉영화,장편,일본,50.0,11912500.0,1437.0,6214800.0,644.0,드라마,15세이상관람가,독립/예술영화
59.0,부활 그 소망,김상철,파이오니아21,,파이오니아21,20240307.0,개봉영화,장편,한국,26.0,11674400.0,1093.0,3523000.0,331.0,다큐멘터리,전체관람가,일반영화
60.0,그대들은 어떻게 살 것인가,미야자키 하야오,,대원미디어(주),메가박스중앙(주),20231025.0,개봉영화,장편,일본,1733.0,9841317.0,1001.0,4472617.0,415.0,애니메이션,전체관람가,독립/예술영화
61.0,극장판 아이돌리쉬 세븐; 라이브 4비트 비욘드 더 피리어드 - 데이 1,니시키오리 히로시,,메가박스중앙(주),메가박스중앙(주),20231019.0,개봉영화,장편,일본,79.0,11128995.0,987.0,11128995.0,987.0,애니메이션,전체관람가,일반영화
62.0,3일의 휴가,육상효,글뫼 주식회사,,(주)쇼박스,20231206.0,개봉영화,장편,한국,863.0,6057000.0,939.0,1142000.0,128.0,판타지,12세이상관람가,일반영화
63.0,잠행,관지요,,(주)올스타엔터테인먼트,(주)이놀미디어,20240327.0,개봉영화,장편,홍콩,32.0,7625639.0,840.0,4836700.0,511.0,액션,15세이상관람가,일반영화
64.0,레이징 그레이스,패리스 자실라,,(주)이놀미디어,(주)이놀미디어,20240313.0,개봉영화,장편,영국,28.0,7565986.0,812.0,4679456.0,491.0,스릴러,15세이상관람가,독립/예술영화
65.0,류이치 사카모토: 오퍼스,소라 네오,,(주)미디어캐슬,"(주)엣나인필름,메가박스중앙(주)",20231227.0,개봉영화,장편,일본,251.0,7359900.0,783.0,6076700.0,633.0,공연,전체관람가,독립/예술영화
66.0,청춘 돼지는 책가방 소녀의 꿈을 꾸지 않는다,마스이 소이치,,(주)애니플러스,(주)애니플러스,20240201.0,개봉영화,장편,일본,84.0,6975136.0,747.0,3984512.0,391.0,애니메이션,12세이상관람가,일반영화
67.0,다시 김대중-함께 합시다,김진홍,(주)영화사메이플러스,,주식회사 블루필름웍스,20240328.0,개봉영화,장편,한국,58.0,6353017.0,700.0,3444217.0,384.0,다큐멘터리,12세이상관람가,독립/예술영화
68.0,엘리멘탈,피터 손,,월트디즈니컴퍼니코리아 유한책임회사,월트디즈니컴퍼니코리아 유한책임회사,20230614.0,개봉영화,장편,미국,1251.0,6279826.0,640.0,2682508.0,268.0,애니메이션,전체관람가,일반영화
69.0,세월: 라이프 고즈 온,장민경,독바위 프로덕션,,영화배급협동조합 씨네소파,20240327.0,개봉영화,장편,한국,25.0,5388300.0,636.0,4280500.0,481.0,다큐멘터리,전체관람가,독립/예술영화
70.0,리볼버 릴리,유키사다 이사오,,(주)도키엔터테인먼트,와이드 릴리즈(주),20240321.0,개봉영화,장편,일본,31.0,4781969.0,540.0,3032169.0,331.0,액션,15세이상관람가,독립/예술영화
71.0,도그데이즈,김덕민,(주)씨제이이엔엠,,(주)씨제이이엔엠,20240207.0,개봉영화,장편,한국,847.0,3845000.0,530.0,830000.0,158.0,드라마,12세이상관람가,일반영화
72.0,벗어날 탈 脫,서보형,사보타지 필름,,영화배급협동조합 씨네소파,20240221.0,개봉영화,장편,한국,14.0,3979000.0,505.0,2539000.0,306.0,미스터리,15세이상관람가,독립/예술영화
73.0,크레센도 반 클라이번 콩쿠르 실황,헤더 윌크,,오드,오드,20240131.0,개봉영화,장편,미국,65.0,8243000.0,499.0,5429000.0,295.0,공연,전체관람가,일반영화
74.0,나의 올드 오크,켄 로치,,(주)영화사 진진,(주)영화사 진진,20240117.0,개봉영화,장편,아일랜드,83.0,4101000.0,477.0,2200500.0,218.0,드라마,15세이상관람가,독립/예술영화
75.0,에스파: 마이 퍼스트 페이지,"김지선,조현정",(주)에스엠엔터테인먼트,,"롯데컬처웍스(주)롯시플,(주)영화사 그램",20240214.0,개봉영화,장편,한국,68.0,9386300.0,432.0,6828300.0,319.0,공연,전체관람가,일반영화
76.0,노량: 죽음의 바다,김한민,(주)빅스톤픽쳐스,,"롯데컬처웍스(주)롯데엔터테인먼트,(주)에이스메이커무비웍스",20231220.0,개봉영화,장편,한국,2196.0,3044500.0,429.0,854500.0,77.0,사극,12세이상관람가,일반영화
77.0,다운폴,올리버 히르비겔,,(주)피터팬픽쳐스,(주)피터팬픽쳐스,20240327.0,개봉영화,장편,독일,8.0,4306100.0,415.0,3390100.0,324.0,전쟁,청소년관람불가,독립/예술영화
78.0,크레센도,헤더 윌크,,오드,오드,20231220.0,개봉영화,장편,미국,81.0,3653000.0,405.0,3416000.0,370.0,다큐멘터리,전체관람가,독립/예술영화
79.0,DMZ 동물 특공대,홍인표,자루 스튜디오,,(주)박수엔터테인먼트,20240214.0,개봉영화,장편,한국,201.0,3196000.0,385.0,180000.0,23.0,애니메이션,전체관람가,일반영화
80.0,우견니,루오 루오,,오드,"오드,홀리가든",20240214.0,개봉영화,장편,중국,143.0,2834434.0,314.0,877678.0,100.0,멜로/로맨스,12세이상관람가,일반영화
81.0,벙커 게임,로베르토 자짜라,,,스튜디오 에이드,20240306.0,개봉영화,장편,이탈리아,19.0,2944300.0,301.0,813600.0,78.0,공포(호러),15세이상관람가,일반영화
82.0,스노우 퍼핀즈,,,에이케이엔터테인먼트(주),(주)팝엔터테인먼트,20240215.0,개봉영화,장편,스페인,315.0,1827000.0,290.0,403500.0,40.0,애니메이션,전체관람가,일반영화
83.0,어른 김장하,김현지,MBC경남,,(주)시네마달,20231115.0,개봉영화,장편,한국,98.0,1608000.0,268.0,0.0,0.0,다큐멘터리,전체관람가,독립/예술영화
84.0,티처스 라운지,일커 카탁,,(주)스튜디오디에이치엘,(주)스튜디오디에이치엘,20231227.0,개봉영화,장편,독일,29.0,2027000.0,253.0,938500.0,103.0,드라마,12세이상관람가,독립/예술영화
85.0,너와 나,조현철,주식회사 필름영,,"주식회사 필름영,그린나래미디어(주)",20231025.0,개봉영화,장편,한국,76.0,2260000.0,241.0,1714000.0,169.0,드라마,12세이상관람가,독립/예술영화
86.0,마에스트로 번스타인,브래들리 쿠퍼,,,씨제이 씨지브이(CJ CGV)(주),20231206.0,개봉영화,장편,미국,61.0,1564500.0,241.0,363500.0,45.0,드라마,15세이상관람가,일반영화
87.0,극장판 후르츠 바스켓: 프렐류드,이바타 요시히데,,(주)미디어캐슬,(주)미디어캐슬,20240301.0,개봉영화,장편,일본,5.0,1697100.0,233.0,656000.0,82.0,애니메이션,12세이상관람가,독립/예술영화
88.0,장인과 사위,최이현,"(주)지브라더스 컴퍼니,한류닷컴 주식회사",,주식회사 제이씨엔터웍스,20240215.0,개봉영화,장편,한국,49.0,2057000.0,226.0,0.0,0.0,코미디,12세이상관람가,독립/예술영화
89.0,"바다 탐험대 옥토넛 어보브 앤 비욘드: 버드, 옥토경보를 울려라!",,,"(주)얼리버드픽쳐스,와이드 릴리즈(주)",와이드 릴리즈(주),20231227.0,개봉영화,장편,영국,215.0,1886000.0,222.0,0.0,0.0,애니메이션,전체관람가,독립/예술영화
90.0,에브리씽 에브리웨어 올 앳 원스,"다니엘 콴,다니엘 쉐이너트",,(주)더쿱디스트리뷰션,워터홀컴퍼니(주),20221012.0,개봉영화,장편,미국,620.0,2532000.0,219.0,2532000.0,219.0,액션,15세이상관람가,독립/예술영화
91.0,위시,"크리스 벅,폰 비라선손",,월트디즈니컴퍼니코리아 유한책임회사,월트디즈니컴퍼니코리아 유한책임회사,20240103.0,개봉영화,장편,미국,1421.0,1504717.0,195.0,0.0,0.0,애니메이션,전체관람가,일반영화
92.0,라이즈,세드릭 클라피쉬,,(주)퍼스트런,(주)무비다이브,20240117.0,개봉영화,장편,프랑스,68.0,1255000.0,194.0,85000.0,10.0,드라마,15세이상관람가,독립/예술영화
93.0,리빙: 어떤 인생,올리버 허머너스,,(주)티캐스트,(주)티캐스트,20231213.0,개봉영화,장편,영국,50.0,1393000.0,190.0,841000.0,102.0,드라마,12세이상관람가,독립/예술영화
94.0,나폴레옹,리들리 스콧,,,소니픽쳐스엔터테인먼트코리아주식회사극장배급지점,20231206.0,개봉영화,장편,미국,822.0,1215200.0,170.0,467800.0,49.0,전쟁,15세이상관람가,일반영화
95.0,인투 더 월드,벤자민 레너,,유니버설픽쳐스인터내셔널 코리아(유),유니버설픽쳐스인터내셔널 코리아(유),20240110.0,개봉영화,장편,미국,839.0,893000.0,167.0,0.0,0.0,애니메이션,전체관람가,일반영화
96.0,노 베어스,자파르 파나히,,M&M 인터내셔널,M&M 인터내셔널,20240110.0,개봉영화,장편,이란,41.0,1223000.0,161.0,734000.0,76.0,드라마,12세이상관람가,독립/예술영화
97.0,검치호,이강욱,바투 필름,,"(주)드림팩트엔터테인먼트,(주)빅브라더스",20240328.0,개봉영화,장편,한국,5.0,1436500.0,160.0,1134000.0,126.0,액션,15세이상관람가,독립/예술영화
98.0,외계+인 2부,최동훈,(주)케이퍼필름,,(주)씨제이이엔엠,20240110.0,개봉영화,장편,한국,1390.0,1109500.0,154.0,511600.0,52.0,기타,12세이상관람가,일반영화
99.0,느티나무 아래,오정훈,영화제작소 숲길,,"미디어나무(주),스튜디오 에이드",20231115.0,개봉영화,장편,한국,13.0,1239000.0,151.0,0.0,0.0,다큐멘터리,전체관람가,독립/예술영화
100.0,어파이어,크리스티안 펫졸드,,M&M 인터내셔널,M&M 인터내셔널,20230913.0,개봉영화,장편,독일,68.0,1203000.0,145.0,1203000.0,145.0,드라마,12세이상관람가,독립/예술영화
101.0,걸즈 앤 판처 최종장 제4화,미즈시마 츠토무,,(주)엔케이컨텐츠,(주)디스테이션,20240117.0,개봉영화,장편,일본,40.0,1680000.0,120.0,1680000.0,120.0,애니메이션,12세이상관람가,일반영화
102.0,블루 자이언트,타치카와 유즈루,,판씨네마(주),판씨네마(주),20231018.0,개봉영화,장편,일본,574.0,1385000.0,120.0,1385000.0,120.0,애니메이션,12세이상관람가,독립/예술영화
103.0,"주사위놀이, 마불 세계여행",이광범,(주)니즈텔레콤,,(주)니즈텔레콤,20240103.0,개봉영화,장편,한국,1.0,708000.0,118.0,0.0,0.0,어드벤처,전체관람가,일반영화
104.0,서바이벌 택틱스,박근영,요지경필름,,필름다빈,20240221.0,개봉영화,장편,한국,12.0,826000.0,112.0,488000.0,66.0,드라마,12세이상관람가,독립/예술영화
105.0,"타르콥스키, 기도하는 영혼",,,,(주)와우,20240131.0,개봉영화,장편,이탈리아,9.0,893000.0,111.0,419000.0,39.0,다큐멘터리,12세이상관람가,독립/예술영화
106.0,세기말의 사랑,임선애,"(주)기린제작사,주식회사 위드에이스튜디오",,"(주)엔케이컨텐츠,(주)디스테이션",20240124.0,개봉영화,장편,한국,123.0,695000.0,99.0,284000.0,35.0,드라마,12세이상관람가,독립/예술영화
107.0,엔드 오브 에반게리온,"안노 히데아키,츠루마키 카즈야",,미라지엔터테인먼트,(주)라이크콘텐츠,20240117.0,개봉영화,장편,일본,130.0,1120000.0,97.0,1120000.0,97.0,애니메이션,청소년관람불가,일반영화
108.0,스즈메의 문단속: 다녀왔어,신카이 마코토,,(주)미디어캐슬,(주)쇼박스,20240110.0,개봉영화,장편,일본,185.0,1050000.0,95.0,600000.0,52.0,애니메이션,12세이상관람가,독립/예술영화
109.0,공백,요시다 케이스케,,(주)미디어캐슬,(주)미디어캐슬,20240316.0,개봉영화,장편,일본,3.0,565500.0,80.0,64000.0,8.0,드라마,12세이상관람가,독립/예술영화
110.0,아네모네,정하용,주식회사 시네마천국,,㈜인디스토리,20240207.0,개봉영화,장편,한국,57.0,432000.0,78.0,78000.0,14.0,코미디,15세이상관람가,독립/예술영화
111.0,일 부코,미켈란젤로 프라마르티노,,그린나래미디어(주),그린나래미디어(주),20240124.0,개봉영화,장편,이탈리아,10.0,497000.0,73.0,497000.0,73.0,드라마,전체관람가,독립/예술영화
112.0,약속,민병훈,(주)민병훈필름,,엠라인디스트리뷰션(주),20231101.0,개봉영화,장편,한국,42.0,580000.0,70.0,580000.0,70.0,다큐멘터리,전체관람가,독립/예술영화
113.0,아가일,매튜 본,,유니버설픽쳐스인터내셔널 코리아(유),유니버설픽쳐스인터내셔널 코리아(유),20240207.0,개봉영화,장편,미국,841.0,742500.0,69.0,613500.0,58.0,액션,12세이상관람가,일반영화
114.0,부르달락: 흡혈귀,에이드리언 보우,,주식회사 풍경소리,주식회사 풍경소리,20240328.0,개봉영화,장편,프랑스,5.0,372000.0,62.0,0.0,0.0,기타,15세이상관람가,독립/예술영화
115.0,아녜스 V에 의한 제인 B,아녜스 바르다,,(주)영화사 안다미로,(주)영화사 안다미로,20240131.0,개봉영화,장편,프랑스,33.0,502000.0,61.0,426000.0,49.0,판타지,청소년관람불가,독립/예술영화
116.0,사랑은 낙엽을 타고,아키 카우리스마키,,찬란,찬란,20231220.0,개봉영화,장편,핀란드,40.0,712000.0,57.0,712000.0,57.0,멜로/로맨스,12세이상관람가,독립/예술영화
117.0,베어헌터,안톤 머스,,주식회사 원더스튜디오,주식회사 원더스튜디오,20240328.0,개봉영화,장편,러시아,5.0,336000.0,56.0,0.0,0.0,어드벤처,15세이상관람가,독립/예술영화
118.0,뽀로로 극장판 슈퍼스타 대모험,"윤제완,김성민",(주)오콘,,씨제이 씨지브이(CJ CGV)(주),20231213.0,개봉영화,장편,한국,850.0,324000.0,50.0,0.0,0.0,애니메이션,전체관람가,일반영화
119.0,제수씨의 황제 VIP 서비스,,,,(주)씨맥스커뮤니케이션즈,20240308.0,개봉영화,장편,한국,5.0,236000.0,41.0,0.0,0.0,성인물(에로),청소년관람불가,일반영화
120.0,소녀는 졸업하지 않는다,나카가와 슌,,해피송,해피송,20240124.0,개봉영화,장편,일본,42.0,184500.0,39.0,27000.0,3.0,멜로/로맨스,12세이상관람가,독립/예술영화
,,,,,,,,,,,,,,,,,
,,,,,,,,,,,,,,,,,
,,,,,,,,,,,,,,,,,
,,,,,,,,,,,,,,,,,
,,,,,,,,,,,,,,,,,
,,,,,,,,,,,,,,,,,
,,,,,,,,,,,,,,,,,
,,,,,,,,,,,,,,,,,
,,,,,,,,,,,,,,,,,
,,,,,,,,,,,,,,,,,
,,,,,,,,,,,,,,,,,
,,,,,,,,,,,,,,,,,
,,,,,,,,,,,,,,,,,
,,,,,,,,,,,,,,,,,
,,,,,,,,,,,,,,,,,
,,,,,,,,,,,,,,,,,
,,,,,,,,,,,,,,,,,
,,,,,,,,,,,,,,,,,
,,,,,,,,,,,,,,,,,
,,,,,,,,,,,,,,,,,
,,,,,,,,,,,,,,,,,
,,,,,,,,,,,,,,,,,
,,,,,,,,,,,,,,,,,
,,,,,,,,,,,,,,,,,
,,,,,,,,,,,,,,,,,
,,,,,,,,,,,,,,,,,
,,,,,,,,,,,,,,,,,
,,,,,,,,,,,,,,,,,
,,,,,,,,,,,,,,,,,
,,,,,,,,,,,,,,,,,
,,,,,,,,,,,,,,,,,
,,,,,,,,,,,,,,,,,
,,,,,,,,,,,,,,,,,
,,,,,,,,,,,,,,,,,
,,,,,,,,,,,,,,,,,
,,,,,,,,,,,,,,,,,
,,,,,,,,,,,,,,,,,
,,,,,,,,,,,,,,,,,
,,,,,,,,,,,,,,,,,
,,,,,,,,,,,,,,,,,
,,,,,,,,,,,,,,,,,
,,,,,,,,,,,,,,,,,
,,,,,,,,,,,,,,,,,
,,,,,,,,,,,,,,,,,
,,,,,,,,,,,,,,,,,
,,,,,,,,,,,,,,,,,
,,,,,,,,,,,,,,,,,
,,,,,,,,,,,,,,,,,
,,,,,,,,,,,,,,,,,
,,,,,,,,,,,,,,,,,
,,,,,,,,,,,,,,,,,
,,,,,,,,,,,,,,,,,
,,,,,,,,,,,,,,,,,
,,,,,,,,,,,,,,,,,
,,,,,,,,,,,,,,,,,
,,,,,,,,,,,,,,,,,
,,,,,,,,,,,,,,,,,
,,,,,,,,,,,,,,,,,
,,,,,,,,,,,,,,,,,
,,,,,,,,,,,,,,,,,
,,,,,,,,,,,,,,,,,
,,,,,,,,,,,,,,,,,
,,,,,,,,,,,,,,,,,
,,,,,,,,,,,,,,,,,
,,,,,,,,,,,,,,,,,
,,,,,,,,,,,,,,,,,
,,,,,,,,,,,,,,,,,
,,,,,,,,,,,,,,,,,
,,,,,,,,,,,,,,,,,
,,,,,,,,,,,,,,,,,
,,,,,,,,,,,,,,,,,
,,,,,,,,,,,,,,,,,
,,,,,,,,,,,,,,,,,
,,,,,,,,,,,,,,,,,
,,,,,,,,,,,,,,,,,
,,,,,,,,,,,,,,,,,
,,,,,,,,,,,,,,,,,
,,,,,,,,,,,,,,,,,
,,,,,,,,,,,,,,,,,
,,,,,,,,,,,,,,,,,
1.0,위시,"크리스 벅,폰 비라선손",,월트디즈니컴퍼니코리아 유한책임회사,월트디즈니컴퍼니코리아 유한책임회사,20240103.0,개봉영화,장편,미국,1421.0,12946267193.0,1356390.0,3464581802.0,348634.0,애니메이션,전체관람가,일반영화
2.0,외계+인 2부,최동훈,(주)케이퍼필름,,(주)씨제이이엔엠,20240110.0,개봉영화,장편,한국,1390.0,13016779919.0,1349620.0,3152396129.0,313309.0,기타,12세이상관람가,일반영화
3.0,서울의 봄,김성수,(주)하이브미디어코프,,플러스엠 엔터테인먼트,20231122.0,개봉영화,장편,한국,2328.0,11970794644.0,1206194.0,2758526851.0,273161.0,드라마,12세이상관람가,일반영화
4.0,노량: 죽음의 바다,김한민,(주)빅스톤픽쳐스,,"롯데컬처웍스(주)롯데엔터테인먼트,(주)에이스메이커무비웍스",20231220.0,개봉영화,장편,한국,2196.0,10854897560.0,1122234.0,2377045197.0,238817.0,사극,12세이상관람가,일반영화
5.0,시민덕희,박영주,"(주)씨제스엔터테인먼트,페이지원필름(주)",,(주)쇼박스,20240124.0,개봉영화,장편,한국,1272.0,6117073296.0,662483.0,1447454528.0,153080.0,드라마,15세이상관람가,일반영화
6.0,신차원! 짱구는 못말려 더 무비 초능력 대결전 ~날아라 수제김밥~,오네 히토시,,(주)씨제이이엔엠,(주)씨제이이엔엠,20231222.0,개봉영화,장편,일본,883.0,3324459712.0,344604.0,530707371.0,53175.0,애니메이션,전체관람가,일반영화
7.0,인투 더 월드,벤자민 레너,,유니버설픽쳐스인터내셔널 코리아(유),유니버설픽쳐스인터내셔널 코리아(유),20240110.0,개봉영화,장편,미국,839.0,2833041955.0,310382.0,557294707.0,58230.0,애니메이션,전체관람가,일반영화
8.0,웡카,폴 킹,,워너브러더스 코리아(주),워너브러더스 코리아(주),20240131.0,개봉영화,장편,미국,1753.0,1509371945.0,181301.0,528083481.0,59747.0,판타지,전체관람가,일반영화
9.0,아쿠아맨과 로스트 킹덤,제임스 완,,워너브러더스 코리아(주),워너브러더스 코리아(주),20231220.0,개봉영화,장편,미국,965.0,1529816884.0,154948.0,409368035.0,39915.0,액션,12세이상관람가,일반영화
10.0,괴물,고레에다 히로카즈,,(주)미디어캐슬,(주)넥스트엔터테인먼트월드(NEW),20231129.0,개봉영화,장편,일본,647.0,1070835292.0,106484.0,609904679.0,60356.0,드라마,12세이상관람가,독립/예술영화
11.0,길위에 김대중,민환기,"(주)명필름,(주)시네마6411",,"(주)아이오케이컴퍼니,(주)명필름,(주)시네마6411",20240110.0,개봉영화,장편,한국,414.0,977699092.0,100950.0,293253672.0,29849.0,다큐멘터리,12세이상관람가,독립/예술영화
12.0,더 퍼스트 슬램덩크,이노우에 다케히코,,에스엠지홀딩스 주식회사,(주)넥스트엔터테인먼트월드(NEW),20230104.0,개봉영화,장편,일본,1023.0,797813617.0,76754.0,274410933.0,25397.0,애니메이션,12세이상관람가,일반영화
13.0,트롤: 밴드 투게더,월트 도른,,유니버설픽쳐스인터내셔널 코리아(유),유니버설픽쳐스인터내셔널 코리아(유),20231220.0,개봉영화,장편,미국,845.0,644391584.0,70268.0,125500984.0,13185.0,애니메이션,전체관람가,일반영화
14.0,뽀로로 극장판 슈퍼스타 대모험,"윤제완,김성민",(주)오콘,,씨제이 씨지브이(CJ CGV)(주),20231213.0,개봉영화,장편,한국,850.0,565141168.0,61723.0,64965090.0,6419.0,애니메이션,전체관람가,일반영화
15.0,스즈메의 문단속: 다녀왔어,신카이 마코토,,(주)미디어캐슬,(주)쇼박스,20240110.0,개봉영화,장편,일본,185.0,459887131.0,46900.0,126944449.0,12866.0,애니메이션,12세이상관람가,독립/예술영화
16.0,도그맨,뤽 베송,,(주)엣나인필름,(주)레드아이스 엔터테인먼트,20240124.0,개봉영화,장편,프랑스,496.0,403480401.0,43282.0,154528065.0,16307.0,드라마,15세이상관람가,독립/예술영화
17.0,덤 머니,크레이그 질레스피,,그린나래미디어(주),"그린나래미디어(주),(주)플레이그램",20240117.0,개봉영화,장편,미국,465.0,337314109.0,36318.0,158924997.0,16670.0,코미디,15세이상관람가,독립/예술영화
18.0,지오디 마스터피스 더 무비,손석,,,씨제이 씨지브이(CJ CGV)(주),20240110.0,개봉영화,장편,한국,75.0,718577000.0,31346.0,373784000.0,16324.0,공연,전체관람가,일반영화
19.0,말하고 싶은 비밀,,,(주)시그널픽쳐스,"(주)바이포엠스튜디오,홀리가든",20231213.0,개봉영화,장편,일본,401.0,277073301.0,31289.0,68926163.0,7191.0,멜로/로맨스,전체관람가,일반영화
20.0,"바다 탐험대 옥토넛 어보브 앤 비욘드: 버드, 옥토경보를 울려라!",,,"(주)얼리버드픽쳐스,와이드 릴리즈(주)",와이드 릴리즈(주),20231227.0,개봉영화,장편,영국,215.0,220145400.0,27833.0,35254210.0,4289.0,애니메이션,전체관람가,독립/예술영화
21.0,크레센도,헤더 윌크,,오드,오드,20231220.0,개봉영화,장편,미국,81.0,265429900.0,27565.0,132339200.0,13323.0,다큐멘터리,전체관람가,독립/예술영화
22.0,엔드 오브 에반게리온,"안노 히데아키,츠루마키 카즈야",,미라지엔터테인먼트,(주)라이크콘텐츠,20240117.0,개봉영화,장편,일본,130.0,272880779.0,26776.0,123501939.0,11521.0,애니메이션,청소년관람불가,일반영화
23.0,도티와 영원의 탑,"배완,양희성,박인한",(주)샌드박스네트워크,,(주)넥스트엔터테인먼트월드(NEW),20231227.0,개봉영화,장편,한국,370.0,240426939.0,26126.0,28595523.0,3053.0,애니메이션,전체관람가,일반영화
24.0,류이치 사카모토: 오퍼스,소라 네오,,(주)미디어캐슬,"(주)엣나인필름,메가박스중앙(주)",20231227.0,개봉영화,장편,일본,251.0,215600320.0,21544.0,132544625.0,12631.0,공연,전체관람가,독립/예술영화
25.0,나의 올드 오크,켄 로치,,(주)영화사 진진,(주)영화사 진진,20240117.0,개봉영화,장편,아일랜드,83.0,155523911.0,16815.0,98774780.0,10272.0,드라마,15세이상관람가,독립/예술영화
26.0,립세의 사계,"DK 웰치먼,휴 웰치맨",,(주)퍼스트런,(주)디스테이션,20240110.0,개봉영화,장편,폴란드,186.0,109887740.0,14133.0,49311710.0,6262.0,애니메이션,15세이상관람가,독립/예술영화
27.0,3일의 휴가,육상효,글뫼 주식회사,,(주)쇼박스,20231206.0,개봉영화,장편,한국,863.0,101142228.0,12146.0,31939268.0,3714.0,판타지,12세이상관람가,일반영화
28.0,세기말의 사랑,임선애,"(주)기린제작사,주식회사 위드에이스튜디오",,"(주)엔케이컨텐츠,(주)디스테이션",20240124.0,개봉영화,장편,한국,123.0,89285390.0,10617.0,42599772.0,4896.0,드라마,12세이상관람가,독립/예술영화
29.0,사랑은 낙엽을 타고,아키 카우리스마키,,찬란,찬란,20231220.0,개봉영화,장편,핀란드,40.0,100576278.0,10609.0,80533578.0,7933.0,멜로/로맨스,12세이상관람가,독립/예술영화
30.0,걸즈 앤 판처 최종장 제4화,미즈시마 츠토무,,(주)엔케이컨텐츠,(주)디스테이션,20240117.0,개봉영화,장편,일본,40.0,115751000.0,9801.0,63899000.0,5338.0,애니메이션,12세이상관람가,일반영화
31.0,추락의 해부,쥐스틴 트리에,,그린나래미디어(주),(주)스튜디오디에이치엘,20240131.0,개봉영화,장편,프랑스,236.0,91970559.0,9779.0,58023449.0,6048.0,드라마,15세이상관람가,독립/예술영화
32.0,리빙: 어떤 인생,올리버 허머너스,,(주)티캐스트,(주)티캐스트,20231213.0,개봉영화,장편,영국,50.0,67721248.0,7630.0,50776548.0,5299.0,드라마,12세이상관람가,독립/예술영화
33.0,노 베어스,자파르 파나히,,M&M 인터내셔널,M&M 인터내셔널,20240110.0,개봉영화,장편,이란,41.0,72281827.0,7315.0,51786918.0,4963.0,드라마,12세이상관람가,독립/예술영화
34.0,라이즈,세드릭 클라피쉬,,(주)퍼스트런,(주)무비다이브,20240117.0,개봉영화,장편,프랑스,68.0,62026718.0,6624.0,40490451.0,4121.0,드라마,15세이상관람가,독립/예술영화
35.0,클레오의 세계,마리 아마추켈리,,그린나래미디어(주),"그린나래미디어(주),(주)하이스트레인저",20240103.0,개봉영화,장편,프랑스,47.0,51739587.0,5182.0,36451868.0,3458.0,드라마,전체관람가,독립/예술영화
36.0,레트리뷰션,님로드 안탈,,(주)퍼스트런,메가박스중앙(주),20240124.0,개봉영화,장편,미국,202.0,41242785.0,4976.0,13525341.0,1666.0,액션,15세이상관람가,일반영화
37.0,킹덤 3: 운명의 불꽃,사토 신스케,,(주)도키엔터테인먼트,"(주)이놀미디어,(주)플레이그램",20240117.0,개봉영화,장편,일본,136.0,35605470.0,4945.0,14601400.0,2034.0,액션,15세이상관람가,일반영화
38.0,극장판 아이돌리쉬 세븐; 라이브 4비트 비욘드 더 피리어드 - 데이 2,니시키오리 히로시,,메가박스중앙(주),메가박스중앙(주),20231019.0,개봉영화,장편,일본,78.0,47344083.0,4643.0,32996025.0,3327.0,애니메이션,전체관람가,일반영화
39.0,넥스트 골 윈즈,타이카 와이티티,,,월트디즈니컴퍼니코리아 유한책임회사,20240124.0,개봉영화,장편,미국,156.0,42421542.0,4546.0,23159485.0,2529.0,코미디,전체관람가,일반영화
40.0,그대들은 어떻게 살 것인가,미야자키 하야오,,대원미디어(주),메가박스중앙(주),20231025.0,개봉영화,장편,일본,1733.0,44214351.0,4209.0,33136990.0,3165.0,애니메이션,전체관람가,독립/예술영화
41.0,영화 스미코구라시 - 튀어나오는 그림책과 비밀의 아이,만큐,,(주)미디어캐슬,(주)미디어캐슬,20240124.0,개봉영화,장편,일본,101.0,35461830.0,4135.0,15707560.0,1829.0,애니메이션,전체관람가,독립/예술영화
42.0,클럽 제로,예시카 하우스너,,판씨네마(주),판씨네마(주),20240124.0,개봉영화,장편,오스트리아,60.0,36155825.0,4068.0,19408045.0,2102.0,미스터리,12세이상관람가,독립/예술영화
43.0,너와 나,조현철,주식회사 필름영,,"주식회사 필름영,그린나래미디어(주)",20231025.0,개봉영화,장편,한국,76.0,35888329.0,3623.0,26705329.0,2488.0,드라마,12세이상관람가,독립/예술영화
44.0,이어지는 땅,조희영,,,필름다빈,20240110.0,개봉영화,장편,한국,30.0,28820200.0,3412.0,14513800.0,1664.0,드라마,12세이상관람가,독립/예술영화
45.0,"주사위놀이, 마불 세계여행",이광범,(주)니즈텔레콤,,(주)니즈텔레콤,20240103.0,개봉영화,장편,한국,1.0,18708000.0,3117.0,2280000.0,380.0,어드벤처,전체관람가,일반영화
46.0,극장판 아이돌리쉬 세븐; 라이브 4비트 비욘드 더 피리어드 - 데이 1,니시키오리 히로시,,메가박스중앙(주),메가박스중앙(주),20231019.0,개봉영화,장편,일본,79.0,29225101.0,2832.0,17392333.0,1807.0,애니메이션,전체관람가,일반영화
47.0,비욘드 유토피아,매들린 개빈,,(주)드림팩트엔터테인먼트,"(주)홈초이스,(주)드림팩트엔터테인먼트,(주)스마일이엔티",20240131.0,개봉영화,장편,미국,158.0,22778534.0,2473.0,13019739.0,1385.0,다큐멘터리,12세이상관람가,독립/예술영화
48.0,나폴레옹,리들리 스콧,,,소니픽쳐스엔터테인먼트코리아주식회사극장배급지점,20231206.0,개봉영화,장편,미국,822.0,17376723.0,2321.0,12528123.0,1635.0,전쟁,15세이상관람가,일반영화
49.0,정글번치: 월드투어,,,(주)퍼스트런,(주)무비다이브,20240131.0,개봉영화,장편,프랑스,193.0,16438900.0,2285.0,4352000.0,631.0,애니메이션,전체관람가,독립/예술영화
50.0,티처스 라운지,일커 카탁,,(주)스튜디오디에이치엘,(주)스튜디오디에이치엘,20231227.0,개봉영화,장편,독일,29.0,17698094.0,1896.0,10874234.0,1049.0,드라마,12세이상관람가,독립/예술영화
51.0,메이킹 다큐멘터리 `스즈메의 문단속`을 따라가다,마츠모토 소,,(주)미디어캐슬,(주)쇼박스,20240110.0,개봉영화,장편,일본,42.0,16115218.0,1774.0,9206116.0,977.0,다큐멘터리,전체관람가,일반영화
52.0,소녀는 졸업하지 않는다,나카가와 슌,,해피송,해피송,20240124.0,개봉영화,장편,일본,42.0,15811682.0,1684.0,10578895.0,1093.0,멜로/로맨스,12세이상관람가,독립/예술영화
53.0,쏘우 X,케빈 그루터트,,(주)올스타엔터테인먼트,"(주)올스타엔터테인먼트,(주)플레이그램",20231213.0,개봉영화,장편,미국,571.0,17546432.0,1644.0,4653052.0,423.0,공포(호러),청소년관람불가,일반영화
54.0,힐마 아프 클린트 - 미래를 위한 그림,할리나 디르슈카,,(주)마노엔터테인먼트,(주)마노엔터테인먼트,20231220.0,개봉영화,장편,독일,24.0,12100584.0,1431.0,7890084.0,828.0,다큐멘터리,전체관람가,독립/예술영화
55.0,스즈메의 문단속,신카이 마코토,,(주)미디어캐슬,(주)쇼박스,20230308.0,개봉영화,장편,일본,1486.0,16879879.0,1416.0,4498000.0,373.0,애니메이션,12세이상관람가,독립/예술영화
56.0,블루 자이언트,타치카와 유즈루,,판씨네마(주),판씨네마(주),20231018.0,개봉영화,장편,일본,574.0,12924700.0,1223.0,8433500.0,757.0,애니메이션,12세이상관람가,독립/예술영화
57.0,울산의 별,정기혁,후앤유아츠(주),,영화로운 형제,20240124.0,개봉영화,장편,한국,21.0,10753388.0,1211.0,9227600.0,1032.0,드라마,15세이상관람가,독립/예술영화
58.0,아톰 새로운 시작,데이빗 보워스,,주식회사 블루필름웍스,주식회사 블루필름웍스,20240131.0,개봉영화,장편,미국,144.0,10805490.0,1120.0,8509600.0,855.0,애니메이션,전체관람가,일반영화
59.0,싱글 인 서울,박범수,"(주)디씨지플러스,(주)명필름,(주)인사이트필름",,롯데컬처웍스(주)롯데엔터테인먼트,20231129.0,개봉영화,장편,한국,917.0,9933984.0,1076.0,7309026.0,770.0,멜로/로맨스,12세이상관람가,일반영화
60.0,어른 김장하,김현지,MBC경남,,(주)시네마달,20231115.0,개봉영화,장편,한국,98.0,9074500.0,1056.0,1200000.0,173.0,다큐멘터리,전체관람가,독립/예술영화
61.0,크레센도 반 클라이번 콩쿠르 실황,헤더 윌크,,오드,오드,20240131.0,개봉영화,장편,미국,65.0,18044500.0,942.0,7638500.0,382.0,공연,전체관람가,일반영화
62.0,백남준: 달은 가장 오래된 TV,어맨다 킴,시소픽쳐스,(주)엣나인필름,(주)엣나인필름,20231206.0,개봉영화,장편,한국,33.0,5462300.0,717.0,3742000.0,466.0,다큐멘터리,12세이상관람가,독립/예술영화
63.0,교토에서 온 편지,김민주,한국영화아카데미,,판씨네마(주),20231206.0,개봉영화,장편,한국,66.0,3708000.0,570.0,717000.0,113.0,드라마,12세이상관람가,독립/예술영화
64.0,무티: 주술살인,조지 갈로,,주식회사 제이씨엔터웍스,주식회사 제이씨엔터웍스,20240117.0,개봉영화,장편,미국,40.0,4668417.0,505.0,185500.0,21.0,범죄,15세이상관람가,일반영화
65.0,비밀,"임경호,소준범",스튜디오고트,,(주)영화특별시에스엠씨,20231213.0,개봉영화,장편,한국,126.0,4026000.0,493.0,2982000.0,319.0,미스터리,청소년관람불가,일반영화
66.0,수라,황윤,"스튜디오두마,미디어나무(주)",,"스튜디오두마,미디어나무(주),스튜디오 에이드",20230621.0,개봉영화,장편,한국,136.0,3524000.0,468.0,0.0,0.0,다큐멘터리,전체관람가,독립/예술영화
67.0,간신의 피,권하,묘명동화,,(주)에스와이코마드,20240103.0,개봉영화,장편,한국,10.0,5017510.0,442.0,3106400.0,250.0,액션,15세이상관람가,독립/예술영화
68.0,일 부코,미켈란젤로 프라마르티노,,그린나래미디어(주),그린나래미디어(주),20240124.0,개봉영화,장편,이탈리아,10.0,3887245.0,435.0,2805245.0,286.0,드라마,전체관람가,독립/예술영화
69.0,아녜스 V에 의한 제인 B,아녜스 바르다,,(주)영화사 안다미로,(주)영화사 안다미로,20240131.0,개봉영화,장편,프랑스,33.0,3033000.0,401.0,2041500.0,289.0,판타지,청소년관람불가,독립/예술영화
70.0,엘리멘탈,피터 손,,월트디즈니컴퍼니코리아 유한책임회사,월트디즈니컴퍼니코리아 유한책임회사,20230614.0,개봉영화,장편,미국,1251.0,4383700.0,374.0,120000.0,8.0,애니메이션,전체관람가,일반영화
71.0,조이랜드,사임 사디크,,주식회사 슈아픽처스,주식회사 슈아픽처스,20231213.0,개봉영화,장편,기타,34.0,2600000.0,344.0,1099000.0,113.0,드라마,15세이상관람가,독립/예술영화
72.0,봉신연의: 조가풍운,우얼샨,,주식회사 풍경소리,(주)스튜디오디에이치엘,20240124.0,개봉영화,장편,중국,23.0,2888317.0,343.0,789500.0,74.0,전쟁,12세이상관람가,독립/예술영화
73.0,두 세계 사이에서,엠마뉘엘 카레르,,(주)디오시네마,(주)디오시네마,20240131.0,개봉영화,장편,프랑스,35.0,2417700.0,322.0,1473000.0,199.0,드라마,12세이상관람가,독립/예술영화
74.0,"그리고, 살아간다",츠키카와 쇼,,(주)미디어캐슬,(주)미디어캐슬,20240101.0,개봉영화,장편,일본,6.0,2337656.0,310.0,696000.0,86.0,드라마,12세이상관람가,독립/예술영화
75.0,약속,민병훈,(주)민병훈필름,,엠라인디스트리뷰션(주),20231101.0,개봉영화,장편,한국,42.0,3433000.0,267.0,32000.0,4.0,다큐멘터리,전체관람가,독립/예술영화
76.0,스노우 폭스: 썰매개가 될 거야!,아론 우들리,,(주)히스토리필름,(주)팝엔터테인먼트,20231123.0,개봉영화,장편,미국,479.0,1583000.0,265.0,0.0,0.0,애니메이션,전체관람가,독립/예술영화
77.0,2만 종의 벌,,,주식회사 왓챠,주식회사 왓챠,20231227.0,개봉영화,장편,스페인,19.0,2504106.0,265.0,1880256.0,198.0,드라마,12세이상관람가,독립/예술영화
78.0,노 엑시트,프랑스 칼포운,,(주)영화사 사계절,(주)이놀미디어,20231213.0,개봉영화,장편,미국,118.0,2956000.0,252.0,0.0,0.0,공포(호러),청소년관람불가,일반영화
79.0,신세계로부터,최정민,씨네마캣 픽쳐스,,필름다빈,20231220.0,개봉영화,장편,한국,20.0,1968000.0,251.0,868500.0,95.0,드라마,12세이상관람가,독립/예술영화
80.0,느티나무 아래,오정훈,영화제작소 숲길,,"미디어나무(주),스튜디오 에이드",20231115.0,개봉영화,장편,한국,13.0,1532000.0,211.0,90000.0,9.0,다큐멘터리,전체관람가,독립/예술영화
81.0,에브리씽 에브리웨어 올 앳 원스,"다니엘 콴,다니엘 쉐이너트",,(주)더쿱디스트리뷰션,워터홀컴퍼니(주),20221012.0,개봉영화,장편,미국,620.0,2298000.0,193.0,2298000.0,193.0,액션,15세이상관람가,독립/예술영화
82.0,사랑하는 기생충,카키모토 켄사쿠,,(주)미디어캐슬,(주)미디어캐슬,20240116.0,개봉영화,장편,일본,7.0,1276673.0,187.0,208000.0,26.0,드라마,12세이상관람가,일반영화
83.0,로보카폴리 안전교실 교통편,엄준영,(주)로이비쥬얼,,(주)로이비쥬얼,20220919.0,개봉영화,장편,한국,16.0,1063000.0,184.0,0.0,0.0,애니메이션,전체관람가,일반영화
84.0,어파이어,크리스티안 펫졸드,,M&M 인터내셔널,M&M 인터내셔널,20230913.0,개봉영화,장편,독일,68.0,1781000.0,180.0,1692000.0,171.0,드라마,12세이상관람가,독립/예술영화
85.0,괴인,이정홍,영화 <괴인> 제작위원회,,(주)영화사 진진,20231108.0,개봉영화,장편,한국,79.0,1237000.0,160.0,714000.0,88.0,드라마,15세이상관람가,독립/예술영화
86.0,매직 프린세스: 얼음 괴물과 사라진 열쇠의 비밀,안드레이 콜핀,,(주)박수엔터테인먼트,(주)박수엔터테인먼트,20231207.0,개봉영화,장편,러시아,162.0,1092000.0,156.0,0.0,0.0,애니메이션,전체관람가,독립/예술영화
87.0,이빨요정 비올레타: 요정나라로 돌아갈래!,,,찬란,TCO(주)더콘텐츠온,20231118.0,개봉영화,장편,독일,298.0,721000.0,136.0,0.0,0.0,애니메이션,전체관람가,독립/예술영화
88.0,서치: 데스게임,안나 자이체바,,,주식회사 원더스튜디오,20240118.0,개봉영화,장편,러시아,5.0,756000.0,126.0,0.0,0.0,스릴러,청소년관람불가,일반영화
89.0,극장판 우당탕탕 은하안전단: 진정한 용기!,정지훈,(주)마로스튜디오,,(주)넥스트엔터테인먼트월드(NEW),20231130.0,개봉영화,장편,한국,261.0,910500.0,123.0,0.0,0.0,애니메이션,전체관람가,일반영화
90.0,프레디의 피자가게,엠마 타미,유니버설픽쳐스인터내셔널 코리아(유),,유니버설픽쳐스인터내셔널 코리아(유),20231115.0,개봉영화,장편,미국,1041.0,1267490.0,120.0,906640.0,88.0,공포(호러),12세이상관람가,일반영화
91.0,홈그라운드,권아람,,,영화배급협동조합 씨네소파,20231206.0,개봉영화,장편,한국,35.0,855000.0,112.0,501000.0,60.0,다큐멘터리,12세이상관람가,독립/예술영화
92.0,엔시티 네이션 : 투 더 월드 인 시네마,오윤동,씨제이포디플렉스 주식회사,,씨제이포디플렉스 주식회사,20231206.0,개봉영화,장편,한국,87.0,1979000.0,110.0,1679000.0,90.0,공연,전체관람가,일반영화
93.0,아마존: 더 비기닝,,,(주)누리픽쳐스,(주)누리픽쳐스,20240111.0,개봉영화,장편,미국,5.0,606000.0,101.0,0.0,0.0,드라마,12세이상관람가,일반영화
94.0,물비늘,임승현,플라시보 픽쳐스,,㈜인디스토리,20231206.0,개봉영화,장편,한국,18.0,738000.0,98.0,497000.0,57.0,드라마,12세이상관람가,독립/예술영화
95.0,붉은 장미의 추억,백재호,(주)프로젝트42,,(주)프로젝트42,20231102.0,개봉영화,장편,한국,5.0,648000.0,80.0,378000.0,46.0,드라마,12세이상관람가,독립/예술영화
96.0,헝거게임: 노래하는 새와 뱀의 발라드,프란시스 로렌스,,(주)누리픽쳐스,(주)누리픽쳐스,20231115.0,개봉영화,장편,미국,986.0,649350.0,79.0,457350.0,47.0,액션,15세이상관람가,일반영화
97.0,마이 샤이니 월드,이후빈,"플러스엠 엔터테인먼트,(주)에스엠엔터테인먼트",,메가박스중앙(주),20231103.0,개봉영화,장편,한국,118.0,1766000.0,78.0,1674000.0,74.0,공연,전체관람가,일반영화
98.0,히즈,이마이즈미 리키야,,(주)태양미디어그룹,(주)태양미디어그룹,20240110.0,개봉영화,장편,일본,5.0,468000.0,78.0,0.0,0.0,드라마,12세이상관람가,독립/예술영화
99.0,너는 내 아들,,,주식회사 블루필름웍스,"주식회사 블루필름웍스,(주)버킷스튜디오",20230628.0,개봉영화,장편,미국,117.0,692000.0,72.0,692000.0,72.0,드라마,12세이상관람가,일반영화
100.0,르네에게,강승원,(주)허그아이엔티엘,,"(주)드림팩트엔터테인먼트,(주)빅브라더스",20231227.0,개봉영화,장편,한국,13.0,444039.0,68.0,270039.0,30.0,드라마,12세이상관람가,독립/예술영화
101.0,"타르콥스키, 기도하는 영혼",,,,(주)와우,20240131.0,개봉영화,장편,이탈리아,9.0,506428.0,61.0,293228.0,28.0,다큐멘터리,12세이상관람가,독립/예술영화
102.0,엘리자벳과 나,프라우케 핀스터발더,,(주)영화사 안다미로,(주)영화사 안다미로,20231213.0,개봉영화,장편,독일,23.0,496000.0,58.0,368000.0,36.0,드라마,15세이상관람가,독립/예술영화
103.0,1947 보스톤,강제규,"(주)비에이엔터테인먼트,(주)빅픽쳐",,"롯데컬처웍스(주)롯데엔터테인먼트,(주)콘텐츠지오,주식회사 에이투지엔터테인먼트",20230927.0,개봉영화,장편,한국,1282.0,306000.0,51.0,0.0,0.0,드라마,12세이상관람가,일반영화
104.0,빅슬립,김태훈,CINEBUS,,찬란,20231122.0,개봉영화,장편,한국,61.0,274000.0,46.0,81000.0,12.0,드라마,15세이상관람가,독립/예술영화
105.0,바다 탐험대 옥토넛 어보브 앤 비욘드 : 육지 넘어 하늘까지!,,,"(주)얼리버드픽쳐스,와이드 릴리즈(주)",와이드 릴리즈(주),20230810.0,개봉영화,장편,영국,245.0,419600.0,43.0,0.0,0.0,애니메이션,전체관람가,독립/예술영화
106.0,내겐 너무 젊은 장모,,(주)씨맥스커뮤니케이션즈,,(주)씨맥스커뮤니케이션즈,20240105.0,개봉영화,장편,한국,5.0,236000.0,41.0,0.0,0.0,성인물(에로),청소년관람불가,일반영화
107.0,우리 돈 벌레,윤재연,㈜스토리셋,,㈜스토리셋,20231228.0,개봉영화,장편,한국,5.0,234000.0,39.0,0.0,0.0,코미디,12세이상관람가,독립/예술영화
108.0,키리에의 노래: 디렉터스 컷,이와이 슌지,,(주)미디어캐슬,이화배컴퍼니(주),20231124.0,개봉영화,장편,일본,9.0,276039.0,39.0,0.0,0.0,드라마,15세이상관람가,독립/예술영화
109.0,절해고도,김미영,보리와 오디 영화사,,"아이 엠,무브먼트",20230927.0,개봉영화,장편,한국,36.0,293000.0,34.0,293000.0,34.0,드라마,12세이상관람가,독립/예술영화
110.0,언더 유어 베드,사부,(주)미스터리픽처스,,(주)트리플픽쳐스,20231213.0,개봉영화,장편,한국,54.0,192000.0,32.0,0.0,0.0,스릴러,청소년관람불가,일반영화
111.0,마에스트로 번스타인,브래들리 쿠퍼,,,씨제이 씨지브이(CJ CGV)(주),20231206.0,개봉영화,장편,미국,61.0,249000.0,30.0,249000.0,30.0,드라마,15세이상관람가,일반영화
112.0,웨스턴 프론트: 서부전선,,,주식회사 풍경소리,주식회사 풍경소리,20231221.0,개봉영화,장편,캐나다,5.0,156000.0,26.0,0.0,0.0,전쟁,15세이상관람가,독립/예술영화
113.0,결혼 전 뚫려버린 순결,,(주)이십일세기미디어,,(주)이십일세기미디어,20240126.0,개봉영화,장편,한국,1.0,100000.0,20.0,0.0,0.0,성인물(에로),청소년관람불가,일반영화
114.0,관능 육체 부녀회장의 동정교육,,주식회사 피에스앤제이,,주식회사 피에스앤제이,20240103.0,개봉영화,장편,한국,1.0,100000.0,20.0,0.0,0.0,,청소년관람불가,일반영화
115.0,그녀들이 치료해주는 발기부전,,,,와이제이스토리,20240130.0,개봉영화,장편,한국,1.0,100000.0,20.0,0.0,0.0,성인물(에로),청소년관람불가,일반영화
116.0,명탐정 추태에 빠져버린 처자,김피디,(주)이십일세기미디어,,(주)이십일세기미디어,20240126.0,개봉영화,장편,한국,1.0,100000.0,20.0,0.0,0.0,성인물(에로),청소년관람불가,일반영화
117.0,여직원과 야근하다 한 떡,,,,와이제이스토리,20240131.0,개봉영화,장편,한국,1.0,100000.0,20.0,0.0,0.0,성인물(에로),청소년관람불가,일반영화
118.0,룩앳미 터치미 키스미,"호 유항,제나르 마에사 아유,김태식",필름라인,,시네마 뉴원,20231206.0,개봉영화,장편,한국,7.0,184000.0,19.0,176000.0,18.0,멜로/로맨스,15세이상관람가,독립/예술영화
119.0,만분의 일초,김성환,한국영화아카데미,,(주)더쿱디스트리뷰션,20231115.0,개봉영화,장편,한국,74.0,142000.0,19.0,103000.0,13.0,액션,12세이상관람가,독립/예술영화
120.0,머릿속을,조성규,(주)와우,,하준사,20240124.0,개봉영화,장편,한국,5.0,64000.0,18.0,0.0,0.0,드라마,12세이상관람가,독립/예술영화
,,,,,,,,,,,,,,,,,
,,,,,,,,,,,,,,,,,
,,,,,,,,,,,,,,,,,
,,,,,,,,,,,,,,,,,
,,,,,,,,,,,,,,,,,
,,,,,,,,,,,,,,,,,
,,,,,,,,,,,,,,,,,
,,,,,,,,,,,,,,,,,
,,,,,,,,,,,,,,,,,
,,,,,,,,,,,,,,,,,
,,,,,,,,,,,,,,,,,
,,,,,,,,,,,,,,,,,
,,,,,,,,,,,,,,,,,
,,,,,,,,,,,,,,,,,
,,,,,,,,,,,,,,,,,
,,,,,,,,,,,,,,,,,
,,,,,,,,,,,,,,,,,
,,,,,,,,,,,,,,,,,
,,,,,,,,,,,,,,,,,
,,,,,,,,,,,,,,,,,
,,,,,,,,,,,,,,,,,
,,,,,,,,,,,,,,,,,
,,,,,,,,,,,,,,,,,
,,,,,,,,,,,,,,,,,
,,,,,,,,,,,,,,,,,
,,,,,,,,,,,,,,,,,
,,,,,,,,,,,,,,,,,
,,,,,,,,,,,,,,,,,
,,,,,,,,,,,,,,,,,
,,,,,,,,,,,,,,,,,
,,,,,,,,,,,,,,,,,
,,,,,,,,,,,,,,,,,
,,,,,,,,,,,,,,,,,
,,,,,,,,,,,,,,,,,
,,,,,,,,,,,,,,,,,
,,,,,,,,,,,,,,,,,
,,,,,,,,,,,,,,,,,
,,,,,,,,,,,,,,,,,
,,,,,,,,,,,,,,,,,
,,,,,,,,,,,,,,,,,
,,,,,,,,,,,,,,,,,
,,,,,,,,,,,,,,,,,
,,,,,,,,,,,,,,,,,
,,,,,,,,,,,,,,,,,
,,,,,,,,,,,,,,,,,
,,,,,,,,,,,,,,,,,
,,,,,,,,,,,,,,,,,
,,,,,,,,,,,,,,,,,
,,,,,,,,,,,,,,,,,
,,,,,,,,,,,,,,,,,
,,,,,,,,,,,,,,,,,
,,,,,,,,,,,,,,,,,
,,,,,,,,,,,,,,,,,
,,,,,,,,,,,,,,,,,
,,,,,,,,,,,,,,,,,
,,,,,,,,,,,,,,,,,
,,,,,,,,,,,,,,,,,
,,,,,,,,,,,,,,,,,
,,,,,,,,,,,,,,,,,
,,,,,,,,,,,,,,,,,
,,,,,,,,,,,,,,,,,
,,,,,,,,,,,,,,,,,
,,,,,,,,,,,,,,,,,
,,,,,,,,,,,,,,,,,
,,,,,,,,,,,,,,,,,
,,,,,,,,,,,,,,,,,
,,,,,,,,,,,,,,,,,
,,,,,,,,,,,,,,,,,
,,,,,,,,,,,,,,,,,
,,,,,,,,,,,,,,,,,
,,,,,,,,,,,,,,,,,
,,,,,,,,,,,,,,,,,
,,,,,,,,,,,,,,,,,
,,,,,,,,,,,,,,,,,
,,,,,,,,,,,,,,,,,
,,,,,,,,,,,,,,,,,
,,,,,,,,,,,,,,,,,
,,,,,,,,,,,,,,,,,
,,,,,,,,,,,,,,,,,
,,,,,,,,,,,,,,,,,
